"nom","p_code","reg_code",
"1er Arrondissement","MDG11101001","MDG11",
"2e Arrondissement","MDG11101002","MDG11","2e ArrondissementMDG11"
"3e Arrondissement","MDG11101003","MDG11","3e ArrondissementMDG11"
"4e Arrondissement","MDG11101004","MDG11","4e ArrondissementMDG11"
"5e Arrondissement","MDG11101005","MDG11","5e ArrondissementMDG11"
"6e Arrondissement","MDG11101006","MDG11","6e ArrondissementMDG11"
"Alakamisy","MDG11107170","MDG11","AlakamisyMDG11"
"Alakamisy Fenoarivo","MDG11117312","MDG11","Alakamisy FenoarivoMDG11"
"Alarobia","MDG11106090","MDG11","AlarobiaMDG11"
"Alarobia Vatosola","MDG11115110","MDG11","Alarobia VatosolaMDG11"
"Alasora","MDG11102010","MDG11","AlasoraMDG11"
"Alatsinainy Ambazaha","MDG11117250","MDG11","Alatsinainy AmbazahaMDG11"
"Alatsinainy Bakaro","MDG11115071","MDG11","Alatsinainy BakaroMDG11"
"Ambalavao","MDG11117450","MDG11","AmbalavaoMDG11"
"Ambanitsena","MDG11106210","MDG11","AmbanitsenaMDG11"
"Ambato","MDG11103390","MDG11","AmbatoMDG11"
"Ambatofahavalo","MDG11117470","MDG11","AmbatofahavaloMDG11"
"Ambatolampy","MDG11103172","MDG11","AmbatolampyMDG11"
"Ambatolaona","MDG11106012","MDG11","AmbatolaonaMDG11"
"Ambatomanga","MDG11106070","MDG11","AmbatomangaMDG11"
"Ambatomanoina","MDG11107230","MDG11","AmbatomanoinaMDG11"
"Ambatomena","MDG11106251","MDG11","AmbatomenaMDG11"
"Ambavahaditokana","MDG11117130","MDG11","AmbavahaditokanaMDG11"
"Amboasary Nord","MDG11107270","MDG11","Amboasary NordMDG11"
"Ambohibao Sud","MDG11106252","MDG11","Ambohibao SudMDG11"
"Ambohibary","MDG11106050","MDG11","AmbohibaryMDG11"
"Ambohibary Vohilena","MDG11107310","MDG11","Ambohibary VohilenaMDG11"
"Ambohidrapeto","MDG11117050","MDG11","AmbohidrapetoMDG11"
"Ambohidratrimo","MDG11103010","MDG11","AmbohidratrimoMDG11"
"Ambohijanaka","MDG11117350","MDG11","AmbohijanakaMDG11"
"Ambohimalaza Miray","MDG11102230","MDG11","Ambohimalaza MirayMDG11"
"Ambohimanambola","MDG11102050","MDG11","AmbohimanambolaMDG11"
"Ambohimanarina Marovazaha","MDG11107130","MDG11","Ambohimanarina MarovazahaMDG11"
"Ambohimanga Rova","MDG11102319","MDG11","Ambohimanga RovaMDG11"
"Ambohimangakely","MDG11102099","MDG11","AmbohimangakelyMDG11"
"Ambohimanjaka","MDG11103270","MDG11","AmbohimanjakaMDG11"
"Ambohimiadana","MDG11115091","MDG11","AmbohimiadanaMDG11"
"Ambohimirary","MDG11107330","MDG11","AmbohimiraryMDG11"
"Ambohipihaonana","MDG11103370","MDG11","AmbohipihaonanaMDG11"
"Ambohitrandriamanitra","MDG11106230","MDG11","AmbohitrandriamanitraMDG11"
"Ambohitrimanjaka","MDG11103130","MDG11","AmbohitrimanjakaMDG11"
"Ambohitrolomahitsy","MDG11106371","MDG11","AmbohitrolomahitsyMDG11"
"Ambohitromby","MDG11104050","MDG11","AmbohitrombyMDG11"
"Ambohitrony","MDG11106290","MDG11","AmbohitronyMDG11"
"Ambohitseheno","MDG11106271","MDG11","AmbohitsehenoMDG11"
"Ambolotarakely","MDG11104170","MDG11","AmbolotarakelyMDG11"
"Ambongamarina","MDG11107099","MDG11","AmbongamarinaMDG11"
"Ampahitrosy","MDG11117370","MDG11","AmpahitrosyMDG11"
"Ampanefy","MDG11117270","MDG11","AmpanefyMDG11"
"Ampaneva","MDG11106372","MDG11","AmpanevaMDG11"
"Ampangabe","MDG11103190","MDG11","AmpangabeMDG11"
"Ampanotokana","MDG11103210","MDG11","AmpanotokanaMDG11"
"Amparatanjona","MDG11107250","MDG11","AmparatanjonaMDG11"
"Ampitatafika","MDG11117011","MDG11","AmpitatafikaMDG11"
"Analaroa","MDG11107190","MDG11","AnalaroaMDG11"
"Andoharanofotsy","MDG11117170","MDG11","AndoharanofotsyMDG11"
"Andohariana","MDG11115032","MDG11","AndoharianaMDG11"
"Andramasina","MDG11115010","MDG11","AndramasinaMDG11"
"Andranonahoatra","MDG11117030","MDG11","AndranonahoatraMDG11"
"Androhibe","MDG11117410","MDG11","AndrohibeMDG11"
"Androvakely","MDG11107290","MDG11","AndrovakelyMDG11"
"Anjanadoria","MDG11103410","MDG11","AnjanadoriaMDG11"
"Anjepy","MDG11106190","MDG11","AnjepyMDG11"
"Anjeva Gara","MDG11102390","MDG11","Anjeva GaraMDG11"
"Anjoma Betoho","MDG11106330","MDG11","Anjoma BetohoMDG11"
"Anjozorobe","MDG11107019","MDG11","AnjozorobeMDG11"
"Ankadikely Ilafy","MDG11102039","MDG11","Ankadikely IlafyMDG11"
"Ankadimanga","MDG11117290","MDG11","AnkadimangaMDG11"
"Ankadinandriana","MDG11102430","MDG11","AnkadinandrianaMDG11"
"Ankaraobato","MDG11117190","MDG11","AnkaraobatoMDG11"
"Ankazobe","MDG11104010","MDG11","AnkazobeMDG11"
"Ankazondandy","MDG11106351","MDG11","AnkazondandyMDG11"
"Anosiala","MDG11103030","MDG11","AnosialaMDG11"
"Anosibe Trimoloharano","MDG11115170","MDG11","Anosibe TrimoloharanoMDG11"
"Anosizato Andrefana","MDG11117012","MDG11","Anosizato AndrefanaMDG11"
"Antakavana","MDG11104190","MDG11","AntakavanaMDG11"
"Antanetibe","MDG11103350","MDG11","AntanetibeMDG11"
"Antanetibe","MDG11107211","MDG11","AntanetibeMDG11"
"Antanetikely","MDG11117230","MDG11","AntanetikelyMDG11"
"Antehiroka","MDG11103070","MDG11","AntehirokaMDG11"
"Antotohazo","MDG11104071","MDG11","AntotohazoMDG11"
"Antotohazo","MDG11115072","MDG11","AntotohazoMDG11"
"Antsahafilo","MDG11103252","MDG11","AntsahafiloMDG11"
"Antsahalalina","MDG11106272","MDG11","AntsahalalinaMDG11"
"Avaratsena","MDG11103430","MDG11","AvaratsenaMDG11"
"Belanitra","MDG11107212","MDG11","BelanitraMDG11"
"Bemasoandro","MDG11117070","MDG11","BemasoandroMDG11"
"Beronono","MDG11107370","MDG11","BerononoMDG11"
"Betatao","MDG11107150","MDG11","BetataoMDG11"
"Bongatsara","MDG11117390","MDG11","BongatsaraMDG11"
"Fenoarivo","MDG11117311","MDG11","FenoarivoMDG11"
"Fiadanana","MDG11103290","MDG11","FiadananaMDG11"
"Fiadanana","MDG11104130","MDG11","FiadananaMDG11"
"Fiaferana","MDG11102279","MDG11","FiaferanaMDG11"
"Fihaonana","MDG11104090","MDG11","FihaonanaMDG11"
"Fiombonana","MDG11117090","MDG11","FiombonanaMDG11"
"Fitsinjovana Bakaro","MDG11115130","MDG11","Fitsinjovana BakaroMDG11"
"Iarinarivo","MDG11103090","MDG11","IarinarivoMDG11"
"Itaosy","MDG11117110","MDG11","ItaosyMDG11"
"Ivato Aeroport","MDG11103112","MDG11","Ivato AeroportMDG11"
"Ivato Firaisana","MDG11103111","MDG11","Ivato FiraisanaMDG11"
"Kiangara","MDG11104210","MDG11","KiangaraMDG11"
"Mahabo","MDG11103310","MDG11","MahaboMDG11"
"Mahavelona","MDG11104110","MDG11","MahavelonaMDG11"
"Mahereza","MDG11103330","MDG11","MaherezaMDG11"
"Mahitsy","MDG11103150","MDG11","MahitsyMDG11"
"Manandriana","MDG11102210","MDG11","ManandrianaMDG11"
"Mananjara","MDG11103230","MDG11","MananjaraMDG11"
"Mandrosoa","MDG11115050","MDG11","MandrosoaMDG11"
"Mangamila","MDG11107070","MDG11","MangamilaMDG11"
"Manjakandriana","MDG11106011","MDG11","ManjakandrianaMDG11"
"Manjakavaradrano","MDG11103251","MDG11","ManjakavaradranoMDG11"
"Mantasoa","MDG11106110","MDG11","MantasoaMDG11"
"Marondry","MDG11104072","MDG11","MarondryMDG11"
"Marotsipoy","MDG11107350","MDG11","MarotsipoyMDG11"
"Masindray","MDG11102410","MDG11","MasindrayMDG11"
"Merikanjaka","MDG11106310","MDG11","MerikanjakaMDG11"
"Merimandroso","MDG11103171","MDG11","MerimandrosoMDG11"
"Miadanandriana","MDG11106150","MDG11","MiadanandrianaMDG11"
"Miantso","MDG11104230","MDG11","MiantsoMDG11"
"Nandihizana","MDG11106170","MDG11","NandihizanaMDG11"
"Ranovao","MDG11106130","MDG11","RanovaoMDG11"
"Sabotsy Ambohitromby","MDG11115031","MDG11","Sabotsy AmbohitrombyMDG11"
"Sabotsy Manjakavahoaka","MDG11115150","MDG11","Sabotsy ManjakavahoakaMDG11"
"Sabotsy Namehana","MDG11102079","MDG11","Sabotsy NamehanaMDG11"
"Sadabe","MDG11106390","MDG11","SadabeMDG11"
"Sambaina","MDG11106030","MDG11","SambainaMDG11"
"Soalandy","MDG11117210","MDG11","SoalandyMDG11"
"Soavina","MDG11117330","MDG11","SoavinaMDG11"
"Soavinandriana","MDG11106352","MDG11","SoavinandrianaMDG11"
"Talata Angavo","MDG11104030","MDG11","Talata AngavoMDG11"
"Talata Volonondry","MDG11102379","MDG11","Talata VolonondryMDG11"
"Talatamaty","MDG11103050","MDG11","TalatamatyMDG11"
"Tanjombato","MDG11117150","MDG11","TanjombatoMDG11"
"Tankafatra","MDG11115092","MDG11","TankafatraMDG11"
"Tsaramasoandro","MDG11104150","MDG11","TsaramasoandroMDG11"
"Tsarasaotra","MDG11107110","MDG11","TsarasaotraMDG11"
"Tsiafahy","MDG11117430","MDG11","TsiafahyMDG11"
"Viliahazo","MDG11102350","MDG11","ViliahazoMDG11"
"Alakamisy","MDG12118050","MDG12","AlakamisyMDG12"
"Alakamisy Anativato","MDG12109070","MDG12","Alakamisy AnativatoMDG12"
"Alakamisy Marososona","MDG12109230","MDG12","Alakamisy MarososonaMDG12"
"Alarobia Bemaha","MDG12109390","MDG12","Alarobia BemahaMDG12"
"Alatsinainy Ibity","MDG12118250","MDG12","Alatsinainy IbityMDG12"
"Ambano","MDG12118010","MDG12","AmbanoMDG12"
"Ambatolahy","MDG12114030","MDG12","AmbatolahyMDG12"
"Ambatolampy","MDG12110010","MDG12","AmbatolampyMDG12"
"Ambatomena","MDG12118310","MDG12","AmbatomenaMDG12"
"Ambatomiady","MDG12114079","MDG12","AmbatomiadyMDG12"
"Ambatondrakalavao","MDG12110090","MDG12","AmbatondrakalavaoMDG12"
"Ambatonikolahy","MDG12109170","MDG12","AmbatonikolahyMDG12"
"Ambatotsipihina","MDG12114150","MDG12","AmbatotsipihinaMDG12"
"Ambodifarihy Fenomanana","MDG12110190","MDG12","Ambodifarihy FenomananaMDG12"
"Ambodiriana","MDG12114230","MDG12","AmbodirianaMDG12"
"Ambohibary","MDG12118331","MDG12","AmbohibaryMDG12"
"Ambohiborona","MDG12116130","MDG12","AmbohiboronaMDG12"
"Ambohidranandriana","MDG12118130","MDG12","AmbohidranandrianaMDG12"
"Ambohimanambola","MDG12109250","MDG12","AmbohimanambolaMDG12"
"Ambohimandroso","MDG12114110","MDG12","AmbohimandrosoMDG12"
"Ambohimasina","MDG12109270","MDG12","AmbohimasinaMDG12"
"Ambohimiarivo","MDG12118150","MDG12","AmbohimiarivoMDG12"
"Ambohipihaonana","MDG12110050","MDG12","AmbohipihaonanaMDG12"
"Ambohitompoina","MDG12114171","MDG12","AmbohitompoinaMDG12"
"Ambohitsimanova","MDG12118170","MDG12","AmbohitsimanovaMDG12"
"Ampatana Mandriankeniheny","MDG12108002","MDG12","Ampatana MandriankenihenyMDG12"
"Ampitatafika","MDG12114050","MDG12","AmpitatafikaMDG12"
"Andranofito","MDG12114090","MDG12","AndranofitoMDG12"
"Andranomafana","MDG12109030","MDG12","AndranomafanaMDG12"
"Andranomanelatra","MDG12118110","MDG12","AndranomanelatraMDG12"
"Andranomiady","MDG12116090","MDG12","AndranomiadyMDG12"
"Andranovelona","MDG12110330","MDG12","AndranovelonaMDG12"
"Andravola Vohipeno","MDG12110150","MDG12","Andravola VohipenoMDG12"
"Andrembesoa","MDG12109490","MDG12","AndrembesoaMDG12"
"Andriambilany","MDG12110110","MDG12","AndriambilanyMDG12"
"Anjoma Ramartina","MDG12120070","MDG12","Anjoma RamartinaMDG12"
"Ankazomiriotra","MDG12120090","MDG12","AnkazomiriotraMDG12"
"Anosiarivo Manapa","MDG12109212","MDG12","Anosiarivo ManapaMDG12"
"Antakasina","MDG12110292","MDG12","AntakasinaMDG12"
"Antanamalaza","MDG12110291","MDG12","AntanamalazaMDG12"
"Antanambao","MDG12118370","MDG12","AntanambaoMDG12"
"Antanambao Ambary","MDG12120050","MDG12","Antanambao AmbaryMDG12"
"Antanifotsy","MDG12114010","MDG12","AntanifotsyMDG12"
"Antanimandry","MDG12118070","MDG12","AntanimandryMDG12"
"Antanimasaka","MDG12110230","MDG12","AntanimasakaMDG12"
"Antohobe","MDG12109190","MDG12","AntohobeMDG12"
"Antsahalava","MDG12114199","MDG12","AntsahalavaMDG12"
"Antsampandrano","MDG12110270","MDG12","AntsampandranoMDG12"
"Antsampandrano","MDG12114290","MDG12","AntsampandranoMDG12"
"Antsampanimahazo","MDG12116030","MDG12","AntsampanimahazoMDG12"
"Antsenakely Andraikiba","MDG12108001","MDG12","Antsenakely AndraikibaMDG12"
"Antsirabe Afovoany Atsinanana","MDG12108004","MDG12","Antsirabe Afovoany AtsinananaMDG12"
"Antsoatany","MDG12118230","MDG12","AntsoatanyMDG12"
"Antsoso","MDG12109090","MDG12","AntsosoMDG12"
"Behenjy","MDG12110250","MDG12","BehenjyMDG12"
"Belambo Firaisana","MDG12110130","MDG12","Belambo FiraisanaMDG12"
"Belanitra","MDG12114172","MDG12","BelanitraMDG12"
"Belazao","MDG12118030","MDG12","BelazaoMDG12"
"Betafo","MDG12109010","MDG12","BetafoMDG12"
"Betsohana","MDG12120030","MDG12","BetsohanaMDG12"
"Faratsiho","MDG12116010","MDG12","FaratsihoMDG12"
"Faravohitra","MDG12116050","MDG12","FaravohitraMDG12"
"Fidirana","MDG12120110","MDG12","FidiranaMDG12"
"Inanantonana","MDG12109290","MDG12","InanantonanaMDG12"
"Mahaiza","MDG12109211","MDG12","MahaizaMDG12"
"Mahazoarivo Avarabohitra","MDG12108006","MDG12","Mahazoarivo AvarabohitraMDG12"
"Manandona","MDG12118210","MDG12","ManandonaMDG12"
"Mandoto","MDG12120010","MDG12","MandotoMDG12"
"Mandritsara","MDG12109050","MDG12","MandritsaraMDG12"
"Mandrosohasina","MDG12118332","MDG12","MandrosohasinaMDG12"
"Mangarano","MDG12118190","MDG12","MangaranoMDG12"
"Manjakatompo","MDG12110070","MDG12","ManjakatompoMDG12"
"Manodidina Ny Gara Ambilombe","MDG12108005","MDG12","Manodidina Ny Gara AmbilombeMDG12"
"Manohisoa","MDG12109150","MDG12","ManohisoaMDG12"
"Miandrarivo","MDG12116150","MDG12","MiandrarivoMDG12"
"Morarano","MDG12110030","MDG12","MoraranoMDG12"
"Ramainandro","MDG12116070","MDG12","RamainandroMDG12"
"Sabotsy Namatoana","MDG12110210","MDG12","Sabotsy NamatoanaMDG12"
"Sahanivotry Manandona","MDG12118270","MDG12","Sahanivotry ManandonaMDG12"
"Soamalaza Mahatsinjo","MDG12108003","MDG12","Soamalaza MahatsinjoMDG12"
"Soanindrariny","MDG12118290","MDG12","SoanindrarinyMDG12"
"Soavina","MDG12109130","MDG12","SoavinaMDG12"
"Tritriva","MDG12109110","MDG12","TritrivaMDG12"
"Tsarahonenana Sahanivotry","MDG12118350","MDG12","Tsarahonenana SahanivotryMDG12"
"Tsiafajavona Ankaratra","MDG12110170","MDG12","Tsiafajavona AnkaratraMDG12"
"Tsinjoarivo","MDG12110310","MDG12","TsinjoarivoMDG12"
"Valabetokana","MDG12116170","MDG12","ValabetokanaMDG12"
"Vasiana","MDG12120130","MDG12","VasianaMDG12"
"Vinaninkarena","MDG12118090","MDG12","VinaninkarenaMDG12"
"Vinaninony Atsimo","MDG12116110","MDG12","Vinaninony AtsimoMDG12"
"Vinany","MDG12120150","MDG12","VinanyMDG12"
"Alakamisikely","MDG13105213","MDG13","AlakamisikelyMDG13"
"Alatsinainikely","MDG13112112","MDG13","AlatsinainikelyMDG13"
"Ambatoasana Centre","MDG13113210","MDG13","Ambatoasana CentreMDG13"
"Ambatomanga","MDG13105190","MDG13","AmbatomangaMDG13"
"Ambatomanjaka","MDG13112050","MDG13","AmbatomanjakaMDG13"
"Ambatomirahavavy","MDG13105170","MDG13","AmbatomirahavavyMDG13"
"Amberomanga","MDG13113132","MDG13","AmberomangaMDG13"
"Amboanana","MDG13105090","MDG13","AmboananaMDG13"
"Ambohimandry","MDG13105230","MDG13","AmbohimandryMDG13"
"Ambohimasina","MDG13105270","MDG13","AmbohimasinaMDG13"
"Ambohipandrano","MDG13105291","MDG13","AmbohipandranoMDG13"
"Ambohitrambo","MDG13105050","MDG13","AmbohitramboMDG13"
"Ampahimanga","MDG13105070","MDG13","AmpahimangaMDG13"
"Amparaky","MDG13113131","MDG13","AmparakyMDG13"
"Amparibohitra","MDG13113072","MDG13","AmparibohitraMDG13"
"Ampary","MDG13113030","MDG13","AmparyMDG13"
"Ampefy","MDG13113090","MDG13","AmpefyMDG13"
"Analavory","MDG13112111","MDG13","AnalavoryMDG13"
"Andolofotsy","MDG13112210","MDG13","AndolofotsyMDG13"
"Ankaranana","MDG13113150","MDG13","AnkarananaMDG13"
"Ankisabe","MDG13113190","MDG13","AnkisabeMDG13"
"Anosibe Ifanja","MDG13112151","MDG13","Anosibe IfanjaMDG13"
"Antambolo","MDG13105250","MDG13","AntamboloMDG13"
"Antanetibe","MDG13113110","MDG13","AntanetibeMDG13"
"Antenimbe","MDG13105212","MDG13","AntenimbeMDG13"
"Antoby Est","MDG13112072","MDG13","Antoby EstMDG13"
"Arivonimamo I","MDG13105010","MDG13","Arivonimamo IMDG13"
"Arivonimamo II","MDG13105030","MDG13","Arivonimamo IIMDG13"
"Dondona","MDG13113012","MDG13","DondonaMDG13"
"Imerintsiatosika","MDG13105130","MDG13","ImerintsiatosikaMDG13"
"Mahatsinjo Est","MDG13105214","MDG13","Mahatsinjo EstMDG13"
"Mahavelona","MDG13113170","MDG13","MahavelonaMDG13"
"Manalalondo","MDG13105211","MDG13","ManalalondoMDG13"
"Mananasy","MDG13113050","MDG13","MananasyMDG13"
"Manazary","MDG13112071","MDG13","ManazaryMDG13"
"Mandiavato","MDG13112130","MDG13","MandiavatoMDG13"
"Marofangady","MDG13105215","MDG13","MarofangadyMDG13"
"Masindray","MDG13113071","MDG13","MasindrayMDG13"
"Miandrandra","MDG13105292","MDG13","MiandrandraMDG13"
"Miantsoarivo","MDG13105310","MDG13","MiantsoarivoMDG13"
"Miarinarivo I","MDG13112010","MDG13","Miarinarivo IMDG13"
"Miarinarivo II","MDG13112030","MDG13","Miarinarivo IIMDG13"
"Morafeno","MDG13105110","MDG13","MorafenoMDG13"
"Morarano","MDG13105150","MDG13","MoraranoMDG13"
"Rambolamasoandro Andranomiely","MDG13105216","MDG13","Rambolamasoandro AndranomielyMDG13"
"Sarobaratra Ifanja","MDG13112152","MDG13","Sarobaratra IfanjaMDG13"
"Soamahamanina","MDG13112090","MDG13","SoamahamaninaMDG13"
"Soavimbazaha","MDG13112190","MDG13","SoavimbazahaMDG13"
"Soavinandriana","MDG13113011","MDG13","SoavinandrianaMDG13"
"Tamponala","MDG13113230","MDG13","TamponalaMDG13"
"Zoma Bealoka","MDG13112170","MDG13","Zoma BealokaMDG13"
"Ambalanirana","MDG14111250","MDG14","AmbalaniranaMDG14"
"Ambararatabe","MDG14111210","MDG14","AmbararatabeMDG14"
"Ambatolampy","MDG14111051","MDG14","AmbatolampyMDG14"
"Ambatomainty Atsimo","MDG14119072","MDG14","Ambatomainty AtsimoMDG14"
"Ambohitromby","MDG14119071","MDG14","AmbohitrombyMDG14"
"Ankadinondry Sakay","MDG14111090","MDG14","Ankadinondry SakayMDG14"
"Ankerana Avaratra","MDG14111110","MDG14","Ankerana AvaratraMDG14"
"Anosy","MDG14111190","MDG14","AnosyMDG14"
"Belobaka","MDG14111230","MDG14","BelobakaMDG14"
"Bemahatazana","MDG14111290","MDG14","BemahatazanaMDG14"
"Bevato","MDG14111070","MDG14","BevatoMDG14"
"Fenoarivo Centre","MDG14119010","MDG14","Fenoarivo CentreMDG14"
"Fierenana","MDG14111310","MDG14","FierenanaMDG14"
"Firavahana","MDG14119031","MDG14","FiravahanaMDG14"
"Kiranomena","MDG14119051","MDG14","KiranomenaMDG14"
"Mahajeby","MDG14119053","MDG14","MahajebyMDG14"
"Mahasolo","MDG14111270","MDG14","MahasoloMDG14"
"Maritampona","MDG14111052","MDG14","MaritamponaMDG14"
"Maroharona","MDG14111330","MDG14","MaroharonaMDG14"
"Miandrarivo","MDG14111130","MDG14","MiandrarivoMDG14"
"Morarano Maritampona","MDG14119032","MDG14","Morarano MaritamponaMDG14"
"Soanierana","MDG14111170","MDG14","SoanieranaMDG14"
"Tsinjoarivo 22","MDG14119052","MDG14","Tsinjoarivo 22MDG14"
"Tsinjoarivo Imanga","MDG14111150","MDG14","Tsinjoarivo ImangaMDG14"
"Tsiroanomandidy Fihaonana","MDG14111030","MDG14","Tsiroanomandidy FihaonanaMDG14"
"Alakamisy Ambohimaha","MDG21220250","MDG21","Alakamisy AmbohimahaMDG21"
"Alakamisy Itenina","MDG21224050","MDG21","Alakamisy IteninaMDG21"
"Alatsinainy Ialamarina","MDG21220350","MDG21","Alatsinainy IalamarinaMDG21"
"Ambalakely","MDG21220030","MDG21","AmbalakelyMDG21"
"Ambalakindresy","MDG21208072","MDG21","AmbalakindresyMDG21"
"Ambalamahasoa","MDG21220210","MDG21","AmbalamahasoaMDG21"
"Ambalamidera II","MDG21225090","MDG21","Ambalamidera IIMDG21"
"Ambalavao","MDG21205010","MDG21","AmbalavaoMDG21"
"Ambatomainty","MDG21219070","MDG21","AmbatomaintyMDG21"
"Ambatosoa","MDG21208190","MDG21","AmbatosoaMDG21"
"Ambinanindovoka","MDG21205190","MDG21","AmbinanindovokaMDG21"
"Ambinaniroa","MDG21205212","MDG21","AmbinaniroaMDG21"
"Ambohimahamasina","MDG21205230","MDG21","AmbohimahamasinaMDG21"
"Ambohimahasoa","MDG21208010","MDG21","AmbohimahasoaMDG21"
"Ambohimandroso","MDG21205071","MDG21","AmbohimandrosoMDG21"
"Ambohinamboarina","MDG21208230","MDG21","AmbohinamboarinaMDG21"
"Ambondrona","MDG21225070","MDG21","AmbondronaMDG21"
"Ampitana","MDG21208030","MDG21","AmpitanaMDG21"
"Andoharanomaitso","MDG21225050","MDG21","AndoharanomaitsoMDG21"
"Andrainjato","MDG21205072","MDG21","AndrainjatoMDG21"
"Andrainjato Avaratra","MDG21201003","MDG21","Andrainjato AvaratraMDG21"
"Andrainjato Centre","MDG21220011","MDG21","Andrainjato CentreMDG21"
"Andrainjato Est","MDG21220012","MDG21","Andrainjato EstMDG21"
"Andrainjato Sud","MDG21201004","MDG21","Andrainjato SudMDG21"
"Andranomiditra","MDG21224230","MDG21","AndranomiditraMDG21"
"Andranovorivato","MDG21224190","MDG21","AndranovorivatoMDG21"
"Androy","MDG21220330","MDG21","AndroyMDG21"
"Anjoma","MDG21205090","MDG21","AnjomaMDG21"
"Anjoma Itsara","MDG21225030","MDG21","Anjoma ItsaraMDG21"
"Ankafina Tsarafidy","MDG21208090","MDG21","Ankafina TsarafidyMDG21"
"Ankaramena","MDG21205211","MDG21","AnkaramenaMDG21"
"Ankarinarivo Manirisoa","MDG21225110","MDG21","Ankarinarivo ManirisoaMDG21"
"Ankaromalaza Mifanasoa","MDG21224110","MDG21","Ankaromalaza MifanasoaMDG21"
"Ankerana","MDG21208050","MDG21","AnkeranaMDG21"
"Befeta","MDG21208270","MDG21","BefetaMDG21"
"Besoa","MDG21205150","MDG21","BesoaMDG21"
"Camp Robin","MDG21208252","MDG21","Camp RobinMDG21"
"Fandrandava","MDG21220430","MDG21","FandrandavaMDG21"
"Fanjakana","MDG21225190","MDG21","FanjakanaMDG21"
"Fenoarivo","MDG21205290","MDG21","FenoarivoMDG21"
"Fiadanana","MDG21208290","MDG21","FiadananaMDG21"
"Fitampito","MDG21219090","MDG21","FitampitoMDG21"
"Ialananindro","MDG21220630","MDG21","IalananindroMDG21"
"Iarintsena","MDG21205050","MDG21","IarintsenaMDG21"
"Iavonomby Vohibola","MDG21225210","MDG21","Iavonomby VohibolaMDG21"
"Ihazoara","MDG21224090","MDG21","IhazoaraMDG21"
"Ikalalao","MDG21208150","MDG21","IkalalaoMDG21"
"Ikalamavony","MDG21219010","MDG21","IkalamavonyMDG21"
"Isaka","MDG21208211","MDG21","IsakaMDG21"
"Isorana","MDG21225010","MDG21","IsoranaMDG21"
"Ivoamba","MDG21220070","MDG21","IvoambaMDG21"
"Kirano","MDG21205110","MDG21","KiranoMDG21"
"Lalazana","MDG21201006","MDG21","LalazanaMDG21"
"Mahaditra","MDG21224270","MDG21","MahaditraMDG21"
"Mahasoabe","MDG21224010","MDG21","MahasoabeMDG21"
"Mahatsinjony","MDG21220111","MDG21","MahatsinjonyMDG21"
"Mahazoarivo","MDG21225170","MDG21","MahazoarivoMDG21"
"Mahazony","MDG21205170","MDG21","MahazonyMDG21"
"Manamisoa","MDG21205030","MDG21","ManamisoaMDG21"
"Manandroy","MDG21208071","MDG21","ManandroyMDG21"
"Maneva","MDG21224150","MDG21","ManevaMDG21"
"Mangidy","MDG21219030","MDG21","MangidyMDG21"
"Manolafaka","MDG21201005","MDG21","ManolafakaMDG21"
"Miarinarivo","MDG21205250","MDG21","MiarinarivoMDG21"
"Morafeno","MDG21208130","MDG21","MorafenoMDG21"
"Nasandratrony","MDG21225150","MDG21","NasandratronyMDG21"
"Sahambavy","MDG21220112","MDG21","SahambavyMDG21"
"Sahatona","MDG21208251","MDG21","SahatonaMDG21"
"Sahave","MDG21208110","MDG21","SahaveMDG21"
"Sendrisoa","MDG21205130","MDG21","SendrisoaMDG21"
"Soaindrana","MDG21224250","MDG21","SoaindranaMDG21"
"Soatanana","MDG21225130","MDG21","SoatananaMDG21"
"Solila","MDG21219050","MDG21","SolilaMDG21"
"Taindambo","MDG21220090","MDG21","TaindamboMDG21"
"Talata Ampano","MDG21224070","MDG21","Talata AmpanoMDG21"
"Tanamarina Bekisopa","MDG21219150","MDG21","Tanamarina BekisopaMDG21"
"Tanamarina Sakay","MDG21219110","MDG21","Tanamarina SakayMDG21"
"Tanana Ambany","MDG21201002","MDG21","Tanana AmbanyMDG21"
"Tanana Ambony","MDG21201001","MDG21","Tanana AmbonyMDG21"
"Tsitondroina","MDG21219130","MDG21","TsitondroinaMDG21"
"Vatosola","MDG21201007","MDG21","VatosolaMDG21"
"Vinanitelo","MDG21224030","MDG21","VinaniteloMDG21"
"Vohibato Ouest","MDG21224210","MDG21","Vohibato OuestMDG21"
"Vohimarina","MDG21224130","MDG21","VohimarinaMDG21"
"Vohiposa","MDG21208170","MDG21","VohiposaMDG21"
"Vohitrafeno","MDG21224170","MDG21","VohitrafenoMDG21"
"Vohitrarivo","MDG21208212","MDG21","VohitrarivoMDG21"
"Vohitsaoka","MDG21205270","MDG21","VohitsaokaMDG21"
"Alakamisy Ambohijato","MDG22203210","MDG22","Alakamisy AmbohijatoMDG22"
"Alakamisy Ambohimahazo","MDG22204210","MDG22","Alakamisy AmbohimahazoMDG22"
"Ambalamanakana","MDG22203250","MDG22","AmbalamanakanaMDG22"
"Ambatofinandrahana","MDG22202010","MDG22","AmbatofinandrahanaMDG22"
"Ambatofitorahana","MDG22203390","MDG22","AmbatofitorahanaMDG22"
"Ambatomarina","MDG22223171","MDG22","AmbatomarinaMDG22"
"Ambatomifanongoa","MDG22202110","MDG22","AmbatomifanongoaMDG22"
"Ambinanindrano","MDG22203551","MDG22","AmbinanindranoMDG22"
"Ambohimahazo","MDG22223030","MDG22","AmbohimahazoMDG22"
"Ambohimilanja","MDG22223070","MDG22","AmbohimilanjaMDG22"
"Ambohimitombo I","MDG22203491","MDG22","Ambohimitombo IMDG22"
"Ambohimitombo II","MDG22203492","MDG22","Ambohimitombo IIMDG22"
"Ambohipo","MDG22223090","MDG22","AmbohipoMDG22"
"Ambondromisotra","MDG22202090","MDG22","AmbondromisotraMDG22"
"Amborompotsy","MDG22202130","MDG22","AmborompotsyMDG22"
"Ambositra I","MDG22203010","MDG22","Ambositra IMDG22"
"Ambositra II","MDG22203030","MDG22","Ambositra IIMDG22"
"Ambovombe Centre","MDG22223010","MDG22","Ambovombe CentreMDG22"
"Andakatany","MDG22223172","MDG22","AndakatanyMDG22"
"Andina","MDG22203090","MDG22","AndinaMDG22"
"Anjoma Nandihizana","MDG22223050","MDG22","Anjoma NandihizanaMDG22"
"Anjoman'ankona","MDG22223110","MDG22","Anjoman'ankonaMDG22"
"Ankarinoro","MDG22204130","MDG22","AnkarinoroMDG22"
"Ankazoambo","MDG22203050","MDG22","AnkazoamboMDG22"
"Antoetra","MDG22203410","MDG22","AntoetraMDG22"
"Betsimisotra","MDG22204192","MDG22","BetsimisotraMDG22"
"Fahizay","MDG22203190","MDG22","FahizayMDG22"
"Fandriana","MDG22204010","MDG22","FandrianaMDG22"
"Fenoarivo","MDG22202050","MDG22","FenoarivoMDG22"
"Fiadanana","MDG22204070","MDG22","FiadananaMDG22"
"Ihadilanana","MDG22203310","MDG22","IhadilananaMDG22"
"Ilaka Centre","MDG22203290","MDG22","Ilaka CentreMDG22"
"Imerina Imady","MDG22203110","MDG22","Imerina ImadyMDG22"
"Imito","MDG22204230","MDG22","ImitoMDG22"
"Itremo","MDG22202030","MDG22","ItremoMDG22"
"Ivato","MDG22203130","MDG22","IvatoMDG22"
"Ivony Miaramiasa","MDG22203070","MDG22","Ivony MiaramiasaMDG22"
"Kianjandrakefina","MDG22203230","MDG22","KianjandrakefinaMDG22"
"Mahazina Ambohipierenana","MDG22203430","MDG22","Mahazina AmbohipierenanaMDG22"
"Mahazoarivo","MDG22204170","MDG22","MahazoarivoMDG22"
"Mandrosonoro","MDG22202150","MDG22","MandrosonoroMDG22"
"Mangataboahangy","MDG22202170","MDG22","MangataboahangyMDG22"
"Marosoa","MDG22203170","MDG22","MarosoaMDG22"
"Miarinavaratra","MDG22204191","MDG22","MiarinavaratraMDG22"
"Milamaina","MDG22204030","MDG22","MilamainaMDG22"
"Sahamadio Fisakana","MDG22204050","MDG22","Sahamadio FisakanaMDG22"
"Sahatsiho Ambohimanjaka","MDG22203450","MDG22","Sahatsiho AmbohimanjakaMDG22"
"Sandrandahy","MDG22204150","MDG22","SandrandahyMDG22"
"Soavina","MDG22202070","MDG22","SoavinaMDG22"
"Talata Vohimena","MDG22223150","MDG22","Talata VohimenaMDG22"
"Tatamalaza","MDG22204110","MDG22","TatamalazaMDG22"
"Tsarasaotra","MDG22203150","MDG22","TsarasaotraMDG22"
"Tsarazaza","MDG22204090","MDG22","TsarazazaMDG22"
"Vinany Andakatanikely","MDG22223130","MDG22","Vinany AndakatanikelyMDG22"
"Vohidahy","MDG22203552","MDG22","VohidahyMDG22"
"Ambahatrazo","MDG23210153","MDG23","AmbahatrazoMDG23"
"Ambahive","MDG23210231","MDG23","AmbahiveMDG23"
"Ambahy","MDG23207031","MDG23","AmbahyMDG23"
"Ambakobe","MDG23207113","MDG23","AmbakobeMDG23"
"Ambalahosy Nord","MDG23209370","MDG23","Ambalahosy NordMDG23"
"Ambalaroka","MDG23210233","MDG23","AmbalarokaMDG23"
"Ambalavero","MDG23210410","MDG23","AmbalaveroMDG23"
"Ambandrika","MDG23210232","MDG23","AmbandrikaMDG23"
"Ambatofotsy","MDG23211031","MDG23","AmbatofotsyMDG23"
"Ambila","MDG23210070","MDG23","AmbilaMDG23"
"Ambinanitromby","MDG23211052","MDG23","AmbinanitrombyMDG23"
"Amboanjo","MDG23210171","MDG23","AmboanjoMDG23"
"Ambodiara","MDG23207192","MDG23","AmbodiaraMDG23"
"Ambodilafa","MDG23207151","MDG23","AmbodilafaMDG23"
"Ambodinonoka","MDG23209391","MDG23","AmbodinonokaMDG23"
"Ambodirian'i Sahafary","MDG23207052","MDG23","Ambodirian'i SahafaryMDG23"
"Ambohimanga Du Sud","MDG23206130","MDG23","Ambohimanga Du SudMDG23"
"Ambohimiarina II","MDG23209190","MDG23","Ambohimiarina IIMDG23"
"Ambohimiera","MDG23206090","MDG23","AmbohimieraMDG23"
"Ambohimisafy","MDG23211092","MDG23","AmbohimisafyMDG23"
"Ambohinihaonana","MDG23209310","MDG23","AmbohinihaonanaMDG23"
"Ambohitsara Est","MDG23209252","MDG23","Ambohitsara EstMDG23"
"Ambohitsara M","MDG23210130","MDG23","Ambohitsara MMDG23"
"Ambolomadinika","MDG23211012","MDG23","AmbolomadinikaMDG23"
"Amborondra","MDG23210430","MDG23","AmborondraMDG23"
"Ambotaka","MDG23210312","MDG23","AmbotakaMDG23"
"Ampasimanjeva","MDG23210311","MDG23","AmpasimanjevaMDG23"
"Ampasimboraka","MDG23210532","MDG23","AmpasimborakaMDG23"
"Ampasimpotsy Sud","MDG23210490","MDG23","Ampasimpotsy SudMDG23"
"Ampasinambo","MDG23207171","MDG23","AmpasinamboMDG23"
"Analampasina","MDG23206150","MDG23","AnalampasinaMDG23"
"Analavory","MDG23210272","MDG23","AnalavoryMDG23"
"Andara","MDG23207032","MDG23","AndaraMDG23"
"Andemaka","MDG23212190","MDG23","AndemakaMDG23"
"Andonabe","MDG23209290","MDG23","AndonabeMDG23"
"Andranambolava","MDG23209210","MDG23","AndranambolavaMDG23"
"Andranomavo","MDG23209332","MDG23","AndranomavoMDG23"
"Androrangavola","MDG23206071","MDG23","AndrorangavolaMDG23"
"Androrangavola","MDG23207152","MDG23","AndrorangavolaMDG23"
"Angodongodona","MDG23207173","MDG23","AngodongodonaMDG23"
"Ankarimbary","MDG23212090","MDG23","AnkarimbaryMDG23"
"Ankarimbelo","MDG23211111","MDG23","AnkarimbeloMDG23"
"Ankatafana","MDG23209032","MDG23","AnkatafanaMDG23"
"Anoloka","MDG23212053","MDG23","AnolokaMDG23"
"Anorombato","MDG23210172","MDG23","AnorombatoMDG23"
"Anosiala","MDG23210052","MDG23","AnosialaMDG23"
"Anosimparihy","MDG23209450","MDG23","AnosimparihyMDG23"
"Antanambao","MDG23207172","MDG23","AntanambaoMDG23"
"Antananabo","MDG23212212","MDG23","AntananaboMDG23"
"Antaretra","MDG23206012","MDG23","AntaretraMDG23"
"Antaretra","MDG23209392","MDG23","AntaretraMDG23"
"Anteza","MDG23210510","MDG23","AntezaMDG23"
"Antodinga","MDG23211112","MDG23","AntodingaMDG23"
"Antsenavolo","MDG23209150","MDG23","AntsenavoloMDG23"
"Antsindra","MDG23206110","MDG23","AntsindraMDG23"
"Befody","MDG23207191","MDG23","BefodyMDG23"
"Bekatra","MDG23210291","MDG23","BekatraMDG23"
"Belemoka","MDG23211032","MDG23","BelemokaMDG23"
"Betampona","MDG23210353","MDG23","BetamponaMDG23"
"Fasintsara","MDG23206170","MDG23","FasintsaraMDG23"
"Fenomby","MDG23210390","MDG23","FenombyMDG23"
"Fiadanana","MDG23207051","MDG23","FiadananaMDG23"
"Ifanadiana","MDG23206011","MDG23","IfanadianaMDG23"
"Ifanirea","MDG23211071","MDG23","IfanireaMDG23"
"Ifatsy","MDG23212211","MDG23","IfatsyMDG23"
"Ikongo","MDG23211011","MDG23","IkongoMDG23"
"Ilakatra","MDG23212230","MDG23","IlakatraMDG23"
"Ivato","MDG23212051","MDG23","IvatoMDG23"
"Kalafotsy","MDG23211113","MDG23","KalafotsyMDG23"
"Kelilalina","MDG23206052","MDG23","KelilalinaMDG23"
"Kianjanomby","MDG23210472","MDG23","KianjanombyMDG23"
"Kianjavato","MDG23209410","MDG23","KianjavatoMDG23"
"Lanivo","MDG23212110","MDG23","LanivoMDG23"
"Lokomby","MDG23210211","MDG23","LokombyMDG23"
"Mahabako","MDG23210451","MDG23","MahabakoMDG23"
"Mahabo","MDG23212070","MDG23","MahaboMDG23"
"Mahamaibe","MDG23210471","MDG23","MahamaibeMDG23"
"Mahasoabe","MDG23212150","MDG23","MahasoabeMDG23"
"Mahatsara Iefaka","MDG23209090","MDG23","Mahatsara IefakaMDG23"
"Mahatsara Sud","MDG23209050","MDG23","Mahatsara SudMDG23"
"Mahavoky Nord","MDG23209270","MDG23","Mahavoky NordMDG23"
"Mahazoarivo","MDG23212270","MDG23","MahazoarivoMDG23"
"Mahela","MDG23209251","MDG23","MahelaMDG23"
"Manakana Nord","MDG23209470","MDG23","Manakana NordMDG23"
"Manakara","MDG23210010","MDG23","ManakaraMDG23"
"Manampatrana","MDG23211051","MDG23","ManampatranaMDG23"
"Mananjary","MDG23209010","MDG23","MananjaryMDG23"
"Mangatsiotra","MDG23210032","MDG23","MangatsiotraMDG23"
"Marofarihy","MDG23210051","MDG23","MarofarihyMDG23"
"Marofototra","MDG23209331","MDG23","MarofototraMDG23"
"Maroharatra","MDG23206190","MDG23","MaroharatraMDG23"
"Marokarima","MDG23209110","MDG23","MarokarimaMDG23"
"Maromiandra","MDG23211033","MDG23","MaromiandraMDG23"
"Marosangy","MDG23209170","MDG23","MarosangyMDG23"
"Marotoko","MDG23206072","MDG23","MarotokoMDG23"
"Mavorano","MDG23210330","MDG23","MavoranoMDG23"
"Mitanty","MDG23210271","MDG23","MitantyMDG23"
"Mizilo Gara","MDG23210110","MDG23","Mizilo GaraMDG23"
"Morafeno","MDG23209130","MDG23","MorafenoMDG23"
"Namorona","MDG23209490","MDG23","NamoronaMDG23"
"Nato","MDG23212130","MDG23","NatoMDG23"
"Nihaonana","MDG23210313","MDG23","NihaonanaMDG23"
"Nosy Varika","MDG23207010","MDG23","Nosy VarikaMDG23"
"Onilahy","MDG23210452","MDG23","OnilahyMDG23"
"Onjatsy","MDG23212171","MDG23","OnjatsyMDG23"
"Ranomafana","MDG23206051","MDG23","RanomafanaMDG23"
"Sahalanona","MDG23211073","MDG23","SahalanonaMDG23"
"Sahalava","MDG23212250","MDG23","SahalavaMDG23"
"Sahanambohitra","MDG23210152","MDG23","SahanambohitraMDG23"
"Saharefo","MDG23210531","MDG23","SaharefoMDG23"
"Sahasinaka","MDG23210151","MDG23","SahasinakaMDG23"
"Sahavato","MDG23207070","MDG23","SahavatoMDG23"
"Sakoana","MDG23210213","MDG23","SakoanaMDG23"
"Sandrohy","MDG23209430","MDG23","SandrohyMDG23"
"Savana","MDG23212052","MDG23","SavanaMDG23"
"Soavina","MDG23207130","MDG23","SoavinaMDG23"
"Sorombo","MDG23210090","MDG23","SoromboMDG23"
"Tanakambana","MDG23211072","MDG23","TanakambanaMDG23"
"Tataho","MDG23210031","MDG23","TatahoMDG23"
"Tolongoina","MDG23211091","MDG23","TolongoinaMDG23"
"Tsaratanana","MDG23206030","MDG23","TsaratananaMDG23"
"Tsaravary","MDG23209031","MDG23","TsaravaryMDG23"
"Tsiatosika","MDG23209070","MDG23","TsiatosikaMDG23"
"Vatana","MDG23210212","MDG23","VatanaMDG23"
"Vatohandrina","MDG23209350","MDG23","VatohandrinaMDG23"
"Vinanitelo","MDG23210292","MDG23","VinaniteloMDG23"
"Vohidroa","MDG23207112","MDG23","VohidroaMDG23"
"Vohilany","MDG23212172","MDG23","VohilanyMDG23"
"Vohilava","MDG23207090","MDG23","VohilavaMDG23"
"Vohilava","MDG23209230","MDG23","VohilavaMDG23"
"Vohilava","MDG23210370","MDG23","VohilavaMDG23"
"Vohimanitra","MDG23210250","MDG23","VohimanitraMDG23"
"Vohimasina Nord","MDG23210351","MDG23","Vohimasina NordMDG23"
"Vohimasina Sud","MDG23210352","MDG23","Vohimasina SudMDG23"
"Vohimasy","MDG23210190","MDG23","VohimasyMDG23"
"Vohindava","MDG23212032","MDG23","VohindavaMDG23"
"Vohipeno","MDG23212010","MDG23","VohipenoMDG23"
"Vohitrandriana","MDG23207111","MDG23","VohitrandrianaMDG23"
"Vohitrindry","MDG23212031","MDG23","VohitrindryMDG23"
"Ambatolahy","MDG24216131","MDG24","AmbatolahyMDG24"
"Ambia","MDG24216032","MDG24","AmbiaMDG24"
"Analaliry","MDG24216090","MDG24","AnalaliryMDG24"
"Analavoka","MDG24216210","MDG24","AnalavokaMDG24"
"Andiolava","MDG24216192","MDG24","AndiolavaMDG24"
"Ankily","MDG24216031","MDG24","AnkilyMDG24"
"Antambohobe","MDG24218030","MDG24","AntambohobeMDG24"
"Antsoha","MDG24216152","MDG24","AntsohaMDG24"
"Begogo","MDG24221050","MDG24","BegogoMDG24"
"Iakora","MDG24221010","MDG24","IakoraMDG24"
"Ihosy","MDG24216010","MDG24","IhosyMDG24"
"Ilakaka","MDG24216232","MDG24","IlakakaMDG24"
"Irina","MDG24216050","MDG24","IrinaMDG24"
"Ivohibe","MDG24218010","MDG24","IvohibeMDG24"
"Ivongo","MDG24218070","MDG24","IvongoMDG24"
"Mahasoa","MDG24216110","MDG24","MahasoaMDG24"
"Maropaika","MDG24218050","MDG24","MaropaikaMDG24"
"Menamaty Iloto","MDG24216250","MDG24","Menamaty IlotoMDG24"
"Ranohira","MDG24216231","MDG24","RanohiraMDG24"
"Ranotsara Nord","MDG24221030","MDG24","Ranotsara NordMDG24"
"Sahambano","MDG24216070","MDG24","SahambanoMDG24"
"Sakalalina","MDG24216170","MDG24","SakalalinaMDG24"
"Satrokala","MDG24216191","MDG24","SatrokalaMDG24"
"Soamatasy","MDG24216132","MDG24","SoamatasyMDG24"
"Tolohomiady","MDG24216033","MDG24","TolohomiadyMDG24"
"Zazafotsy","MDG24216151","MDG24","ZazafotsyMDG24"
"Ambalatany","MDG25213471","MDG25","AmbalatanyMDG25"
"Ambalavato Antevato","MDG25213552","MDG25","Ambalavato AntevatoMDG25"
"Ambalavato Nord","MDG25213410","MDG25","Ambalavato NordMDG25"
"Ambatolava","MDG25214212","MDG25","AmbatolavaMDG25"
"Ambohigogo","MDG25213270","MDG25","AmbohigogoMDG25"
"Ambohimana","MDG25217090","MDG25","AmbohimanaMDG25"
"Ambohimandroso","MDG25213330","MDG25","AmbohimandrosoMDG25"
"Ambongo","MDG25214211","MDG25","AmbongoMDG25"
"Amparihy Est","MDG25214331","MDG25","Amparihy EstMDG25"
"Ampasimalemy","MDG25214031","MDG25","AmpasimalemyMDG25"
"Ampataka","MDG25214132","MDG25","AmpatakaMDG25"
"Amporoforo","MDG25213190","MDG25","AmporoforoMDG25"
"Anandravy","MDG25217013","MDG25","AnandravyMDG25"
"Andakana","MDG25217170","MDG25","AndakanaMDG25"
"Andranolalina","MDG25215031","MDG25","AndranolalinaMDG25"
"Anilobe","MDG25214112","MDG25","AnilobeMDG25"
"Ankarana Miraihina","MDG25213350","MDG25","Ankarana MiraihinaMDG25"
"Ankazovelo","MDG25215012","MDG25","AnkazoveloMDG25"
"Anosivelo","MDG25213050","MDG25","AnosiveloMDG25"
"Anosy Tsararafa","MDG25213070","MDG25","Anosy TsararafaMDG25"
"Antaninarenina","MDG25222032","MDG25","AntaninareninaMDG25"
"Antokonala","MDG25217072","MDG25","AntokonalaMDG25"
"Antondabe","MDG25222012","MDG25","AntondabeMDG25"
"Antseranambe","MDG25213530","MDG25","AntseranambeMDG25"
"Befotaka Sud","MDG25222011","MDG25","Befotaka SudMDG25"
"Beharena","MDG25222052","MDG25","BeharenaMDG25"
"Bekaraoky","MDG25214033","MDG25","BekaraokyMDG25"
"Bekofafa Sud","MDG25222053","MDG25","Bekofafa SudMDG25"
"Bema","MDG25214092","MDG25","BemaMDG25"
"Beretra Bevoay","MDG25213250","MDG25","Beretra BevoayMDG25"
"Bevata","MDG25214251","MDG25","BevataMDG25"
"Efatsy","MDG25213430","MDG25","EfatsyMDG25"
"Etrotroka Atsimo","MDG25213390","MDG25","Etrotroka AtsimoMDG25"
"Evato","MDG25213370","MDG25","EvatoMDG25"
"Farafangana","MDG25213010","MDG25","FarafanganaMDG25"
"Fenoambany","MDG25214290","MDG25","FenoambanyMDG25"
"Fenoarivo","MDG25213510","MDG25","FenoarivoMDG25"
"Iabohazo","MDG25213210","MDG25","IabohazoMDG25"
"Iamonta","MDG25217052","MDG25","IamontaMDG25"
"Iara","MDG25214230","MDG25","IaraMDG25"
"Ihorombe","MDG25213551","MDG25","IhorombeMDG25"
"Isahara","MDG25214311","MDG25","IsaharaMDG25"
"Ivandrika","MDG25213110","MDG25","IvandrikaMDG25"
"Ivato","MDG25217130","MDG25","IvatoMDG25"
"Ivondro","MDG25215051","MDG25","IvondroMDG25"
"Karianga","MDG25217111","MDG25","KariangaMDG25"
"Karimbary","MDG25214252","MDG25","KarimbaryMDG25"
"Lohafary","MDG25214131","MDG25","LohafaryMDG25"
"Lopary","MDG25214091","MDG25","LoparyMDG25"
"Mahabo Mananivo","MDG25213310","MDG25","Mahabo MananivoMDG25"
"Mahafasa Centre","MDG25213170","MDG25","Mahafasa CentreMDG25"
"Mahatsinjo","MDG25217030","MDG25","MahatsinjoMDG25"
"Mahavelo","MDG25213150","MDG25","MahaveloMDG25"
"Mahavelo","MDG25217150","MDG25","MahaveloMDG25"
"Mahazoarivo","MDG25217051","MDG25","MahazoarivoMDG25"
"Maheriraty","MDG25213290","MDG25","MaheriratyMDG25"
"Maliorano","MDG25215032","MDG25","MalioranoMDG25"
"Manambidala","MDG25217012","MDG25","ManambidalaMDG25"
"Manambondro","MDG25214270","MDG25","ManambondroMDG25"
"Manambotra Atsimo","MDG25213130","MDG25","Manambotra AtsimoMDG25"
"Manato","MDG25217112","MDG25","ManatoMDG25"
"Marokibo","MDG25214172","MDG25","MarokiboMDG25"
"Marovandrika","MDG25213590","MDG25","MarovandrikaMDG25"
"Marovitsika Sud","MDG25222031","MDG25","Marovitsika SudMDG25"
"Masianaka","MDG25214152","MDG25","MasianakaMDG25"
"Matanga","MDG25214151","MDG25","MatangaMDG25"
"Moroteza","MDG25217191","MDG25","MorotezaMDG25"
"Namohora Iaborano","MDG25213472","MDG25","Namohora IaboranoMDG25"
"Nosifeno","MDG25215011","MDG25","NosifenoMDG25"
"Ranomena","MDG25214190","MDG25","RanomenaMDG25"
"Ranotsara Sud","MDG25222051","MDG25","Ranotsara SudMDG25"
"Sahamadio","MDG25213490","MDG25","SahamadioMDG25"
"Sandravinany","MDG25214332","MDG25","SandravinanyMDG25"
"Soakibany","MDG25215052","MDG25","SoakibanyMDG25"
"Soamanova","MDG25214070","MDG25","SoamanovaMDG25"
"Tangainony","MDG25213230","MDG25","TangainonyMDG25"
"Tovona","MDG25213450","MDG25","TovonaMDG25"
"Tsianofana","MDG25214032","MDG25","TsianofanaMDG25"
"Tsiately","MDG25214050","MDG25","TsiatelyMDG25"
"Vangaindrano","MDG25214010","MDG25","VangaindranoMDG25"
"Vatanato","MDG25214313","MDG25","VatanatoMDG25"
"Vohiboreka","MDG25217192","MDG25","VohiborekaMDG25"
"Vohilengo","MDG25213570","MDG25","VohilengoMDG25"
"Vohimalaza","MDG25214312","MDG25","VohimalazaMDG25"
"Vohimary","MDG25217071","MDG25","VohimaryMDG25"
"Vohimasy","MDG25213030","MDG25","VohimasyMDG25"
"Vohipaho","MDG25214171","MDG25","VohipahoMDG25"
"Vohitrambo","MDG25214111","MDG25","VohitramboMDG25"
"Vohitromby","MDG25213090","MDG25","VohitrombyMDG25"
"Vondrozo","MDG25217011","MDG25","VondrozoMDG25"
"Ambalabe","MDG31307230","MDG31","AmbalabeMDG31"
"Ambalapaiso II","MDG31309071","MDG31","Ambalapaiso IIMDG31"
"Ambalarondra","MDG31306210","MDG31","AmbalarondraMDG31"
"Ambalavolo","MDG31307110","MDG31","AmbalavoloMDG31"
"Ambatofisaka II","MDG31309110","MDG31","Ambatofisaka IIMDG31"
"Ambinanidilana","MDG31308110","MDG31","AmbinanidilanaMDG31"
"Ambinanindrano","MDG31308170","MDG31","AmbinanindranoMDG31"
"Ambinaninony","MDG31306110","MDG31","AmbinaninonyMDG31"
"Amboasary","MDG31309150","MDG31","AmboasaryMDG31"
"Ambodibonara","MDG31308130","MDG31","AmbodibonaraMDG31"
"Ambodiharina","MDG31308050","MDG31","AmbodiharinaMDG31"
"Ambodilazana","MDG31310150","MDG31","AmbodilazanaMDG31"
"Ambodimanga","MDG31301001","MDG31","AmbodimangaMDG31"
"Ambodinonoka","MDG31309191","MDG31","AmbodinonokaMDG31"
"Ambodiriana","MDG31310070","MDG31","AmbodirianaMDG31"
"Amboditandroroho","MDG31310092","MDG31","AmboditandrorohoMDG31"
"Amboditavolo","MDG31307131","MDG31","AmboditavoloMDG31"
"Ambodivoananto","MDG31307030","MDG31","AmbodivoanantoMDG31"
"Ambodivoangy","MDG31309072","MDG31","AmbodivoangyMDG31"
"Ambohimanana","MDG31306270","MDG31","AmbohimananaMDG31"
"Ambohimilanja","MDG31309090","MDG31","AmbohimilanjaMDG31"
"Ampasimadinika","MDG31307190","MDG31","AmpasimadinikaMDG31"
"Ampasimadinika Manambolo","MDG31310091","MDG31","Ampasimadinika ManamboloMDG31"
"Ampasimazava","MDG31307172","MDG31","AmpasimazavaMDG31"
"Ampasimbe","MDG31306172","MDG31","AmpasimbeMDG31"
"Ampasimbe Onibe","MDG31310170","MDG31","Ampasimbe OnibeMDG31"
"Ampisokina","MDG31310212","MDG31","AmpisokinaMDG31"
"Amporoforo","MDG31310192","MDG31","AmporoforoMDG31"
"Andekaleka","MDG31306252","MDG31","AndekalekaMDG31"
"Andonabe Sud","MDG31309050","MDG31","Andonabe SudMDG31"
"Andondabe","MDG31310211","MDG31","AndondabeMDG31"
"Andovoranto","MDG31306090","MDG31","AndovorantoMDG31"
"Andranobolaha","MDG31310230","MDG31","AndranobolahaMDG31"
"Androrangavola","MDG31309131","MDG31","AndrorangavolaMDG31"
"Anivorano Est","MDG31306050","MDG31","Anivorano EstMDG31"
"Anjahamana","MDG31306290","MDG31","AnjahamanaMDG31"
"Anjoma","MDG31301002","MDG31","AnjomaMDG31"
"Ankazotsifantatra","MDG31308150","MDG31","AnkazotsifantatraMDG31"
"Ankirihiry","MDG31301005","MDG31","AnkirihiryMDG31"
"Anosiarivo I","MDG31309132","MDG31","Anosiarivo IMDG31"
"Antanambao Mahatsara","MDG31307091","MDG31","Antanambao MahatsaraMDG31"
"Antanambao Manampontsy","MDG31311010","MDG31","Antanambao ManampontsyMDG31"
"Antanandehibe","MDG31311070","MDG31","AntanandehibeMDG31"
"Antenina","MDG31310193","MDG31","AnteninaMDG31"
"Antetezambaro","MDG31310030","MDG31","AntetezambaroMDG31"
"Befotaka","MDG31308190","MDG31","BefotakaMDG31"
"Betampona","MDG31309031","MDG31","BetamponaMDG31"
"Betsizaraina","MDG31308012","MDG31","BetsizarainaMDG31"
"Brickaville","MDG31306010","MDG31","BrickavilleMDG31"
"Fanandrana","MDG31310050","MDG31","FanandranaMDG31"
"Fanasana","MDG31306190","MDG31","FanasanaMDG31"
"Fetraomby","MDG31306130","MDG31","FetraombyMDG31"
"Fito","MDG31310250","MDG31","FitoMDG31"
"Iamborano","MDG31307092","MDG31","IamboranoMDG31"
"Ifasina I","MDG31307210","MDG31","Ifasina IMDG31"
"Ifasina II","MDG31307250","MDG31","Ifasina IIMDG31"
"Ilaka Est","MDG31307151","MDG31","Ilaka EstMDG31"
"Lohariandava","MDG31306251","MDG31","LohariandavaMDG31"
"Lohavanana","MDG31309170","MDG31","LohavananaMDG31"
"Mahanoro","MDG31308011","MDG31","MahanoroMDG31"
"Mahatsara","MDG31306070","MDG31","MahatsaraMDG31"
"Mahavelona (Foulpointe)","MDG31310110","MDG31","Mahavelona (Foulpointe)MDG31"
"Mahela","MDG31311030","MDG31","MahelaMDG31"
"Maintinandry","MDG31307051","MDG31","MaintinandryMDG31"
"Manakana","MDG31311090","MDG31","ManakanaMDG31"
"Mangabe","MDG31310191","MDG31","MangabeMDG31"
"Manjakandriana","MDG31308070","MDG31","ManjakandrianaMDG31"
"Marolambo","MDG31309010","MDG31","MarolamboMDG31"
"Maroseranana","MDG31306230","MDG31","MaroserananaMDG31"
"Masomeloka","MDG31308090","MDG31","MasomelokaMDG31"
"Morarano","MDG31301003","MDG31","MoraranoMDG31"
"Niarovana Caroline","MDG31307152","MDG31","Niarovana CarolineMDG31"
"Niherenana","MDG31307132","MDG31","NiherenanaMDG31"
"Ranomafana Est","MDG31306171","MDG31","Ranomafana EstMDG31"
"Sahakevo","MDG31309192","MDG31","SahakevoMDG31"
"Sahamatevina","MDG31307070","MDG31","SahamatevinaMDG31"
"Sahambala","MDG31310130","MDG31","SahambalaMDG31"
"Saivaza","MDG31311050","MDG31","SaivazaMDG31"
"Tanambao Rabemanana","MDG31309032","MDG31","Tanambao RabemananaMDG31"
"Tanambao V","MDG31301004","MDG31","Tanambao VMDG31"
"Tanambao Vahatrakaka","MDG31307052","MDG31","Tanambao VahatrakakaMDG31"
"Toamasina Suburbaine","MDG31310010","MDG31","Toamasina SuburbaineMDG31"
"Tsarasambo","MDG31307053","MDG31","TsarasamboMDG31"
"Tsaravinany","MDG31308030","MDG31","TsaravinanyMDG31"
"Tsivangiana","MDG31307171","MDG31","TsivangianaMDG31"
"Vatomandry","MDG31307010","MDG31","VatomandryMDG31"
"Vohipeno Razanaka","MDG31306150","MDG31","Vohipeno RazanakaMDG31"
"Vohitranivona","MDG31306030","MDG31","VohitranivonaMDG31"
"Ambahoabe","MDG32318090","MDG32","AmbahoabeMDG32"
"Ambanizana","MDG32303112","MDG32","AmbanizanaMDG32"
"Ambatoharanana","MDG32304093","MDG32","AmbatoharananaMDG32"
"Ambatoharanana","MDG32305090","MDG32","AmbatoharananaMDG32"
"Ambatoharanana","MDG32315092","MDG32","AmbatoharananaMDG32"
"Ambinanitelo","MDG32303090","MDG32","AmbinaniteloMDG32"
"Ambodiampana","MDG32304070","MDG32","AmbodiampanaMDG32"
"Ambodiampana","MDG32318050","MDG32","AmbodiampanaMDG32"
"Ambodimanga II","MDG32305030","MDG32","Ambodimanga IIMDG32"
"Ambodimanga Rantabe","MDG32303154","MDG32","Ambodimanga RantabeMDG32"
"Ambodimangavalo","MDG32315170","MDG32","AmbodimangavaloMDG32"
"Ambodivoanio","MDG32304012","MDG32","AmbodivoanioMDG32"
"Ambohibe","MDG32315050","MDG32","AmbohibeMDG32"
"Ampasimazava","MDG32315070","MDG32","AmpasimazavaMDG32"
"Ampasimbe Manantsatrana","MDG32305150","MDG32","Ampasimbe ManantsatranaMDG32"
"Ampasina Maningory","MDG32305070","MDG32","Ampasina ManingoryMDG32"
"Anandrivola","MDG32303155","MDG32","AnandrivolaMDG32"
"Andapafito","MDG32318070","MDG32","AndapafitoMDG32"
"Andasibe","MDG32315110","MDG32","AndasibeMDG32"
"Andasibe I","MDG32304152","MDG32","Andasibe IMDG32"
"Andranofotsy","MDG32303051","MDG32","AndranofotsyMDG32"
"Androndrono","MDG32303153","MDG32","AndrondronoMDG32"
"Anjahambe","MDG32315091","MDG32","AnjahambeMDG32"
"Anjahana","MDG32303111","MDG32","AnjahanaMDG32"
"Anjanazana","MDG32303031","MDG32","AnjanazanaMDG32"
"Ankofa","MDG32303070","MDG32","AnkofaMDG32"
"Ankofabe","MDG32303132","MDG32","AnkofabeMDG32"
"Antakotako","MDG32303052","MDG32","AntakotakoMDG32"
"Antanambaobe","MDG32304031","MDG32","AntanambaobeMDG32"
"Antanambe","MDG32304110","MDG32","AntanambeMDG32"
"Antanananivo","MDG32304032","MDG32","AntanananivoMDG32"
"Antanifotsy","MDG32318030","MDG32","AntanifotsyMDG32"
"Antenina","MDG32318130","MDG32","AnteninaMDG32"
"Antsiatsiaka","MDG32305210","MDG32","AntsiatsiakaMDG32"
"Antsirabe Sahatany","MDG32303133","MDG32","Antsirabe SahatanyMDG32"
"Fenerive Est","MDG32305010","MDG32","Fenerive EstMDG32"
"Fotsialanana","MDG32318012","MDG32","FotsialananaMDG32"
"Imorona","MDG32304013","MDG32","ImoronaMDG32"
"Mahalevona","MDG32303113","MDG32","MahalevonaMDG32"
"Mahambo","MDG32305050","MDG32","MahamboMDG32"
"Mahanoro","MDG32305238","MDG32","MahanoroMDG32"
"Manambolo","MDG32303032","MDG32","ManamboloMDG32"
"Manambolosy","MDG32304050","MDG32","ManambolosyMDG32"
"Mananara Avaratra","MDG32304011","MDG32","Mananara AvaratraMDG32"
"Manompana","MDG32318110","MDG32","ManompanaMDG32"
"Maroantsetra","MDG32303010","MDG32","MaroantsetraMDG32"
"Maromitety","MDG32315030","MDG32","MaromitetyMDG32"
"Miarinarivo","MDG32315130","MDG32","MiarinarivoMDG32"
"Miorimivalana","MDG32305170","MDG32","MiorimivalanaMDG32"
"Morafeno","MDG32303152","MDG32","MorafenoMDG32"
"Rantabe","MDG32303151","MDG32","RantabeMDG32"
"Sahatavy","MDG32315150","MDG32","SahatavyMDG32"
"Sainte Marie","MDG32302019","MDG32","Sainte MarieMDG32"
"Sandrakatsy","MDG32304091","MDG32","SandrakatsyMDG32"
"Saranambana","MDG32305130","MDG32","SaranambanaMDG32"
"Saromaona","MDG32304130","MDG32","SaromaonaMDG32"
"Soanierana Ivongo","MDG32318011","MDG32","Soanierana IvongoMDG32"
"Tanibe","MDG32304092","MDG32","TanibeMDG32"
"Vanono","MDG32304151","MDG32","VanonoMDG32"
"Vavatenina","MDG32315010","MDG32","VavateninaMDG32"
"Vohilengo","MDG32305110","MDG32","VohilengoMDG32"
"Vohipeno","MDG32305190","MDG32","VohipenoMDG32"
"Voloina","MDG32303131","MDG32","VoloinaMDG32"
"Ambalaomby","MDG33317052","MDG33","AmbalaombyMDG33"
"Ambandrika","MDG33313033","MDG33","AmbandrikaMDG33"
"Ambatoharanana","MDG33317072","MDG33","AmbatoharananaMDG33"
"Ambatomainty","MDG33312031","MDG33","AmbatomaintyMDG33"
"Ambatondrazaka","MDG33313010","MDG33","AmbatondrazakaMDG33"
"Ambatondrazaka Suburbaine","MDG33313032","MDG33","Ambatondrazaka SuburbaineMDG33"
"Ambatosoratra","MDG33313130","MDG33","AmbatosoratraMDG33"
"Ambatovola","MDG33314210","MDG33","AmbatovolaMDG33"
"Amboasary","MDG33314250","MDG33","AmboasaryMDG33"
"Amboavory","MDG33312131","MDG33","AmboavoryMDG33"
"Ambodimanga","MDG33312133","MDG33","AmbodimangaMDG33"
"Ambohibary","MDG33314030","MDG33","AmbohibaryMDG33"
"Ambohidronono","MDG33314170","MDG33","AmbohidrononoMDG33"
"Ambohijanahary","MDG33312090","MDG33","AmbohijanaharyMDG33"
"Ambohimandroso","MDG33312013","MDG33","AmbohimandrosoMDG33"
"Ambohitrarivo","MDG33312051","MDG33","AmbohitrarivoMDG33"
"Ambohitsilaozana","MDG33313070","MDG33","AmbohitsilaozanaMDG33"
"Ampandroantraka","MDG33317031","MDG33","AmpandroantrakaMDG33"
"Amparafaravola","MDG33312011","MDG33","AmparafaravolaMDG33"
"Amparihintsokatra","MDG33313192","MDG33","AmparihintsokatraMDG33"
"Ampasikely","MDG33312032","MDG33","AmpasikelyMDG33"
"Ampasimaneva","MDG33317012","MDG33","AmpasimanevaMDG33"
"Ampasimpotsy Gara","MDG33314050","MDG33","Ampasimpotsy GaraMDG33"
"Ampasipotsy Mandialaza","MDG33314293","MDG33","Ampasipotsy MandialazaMDG33"
"Ampitatsimo","MDG33313050","MDG33","AmpitatsimoMDG33"
"Andaingo","MDG33314350","MDG33","AndaingoMDG33"
"Andasibe","MDG33314070","MDG33","AndasibeMDG33"
"Andilamena","MDG33316011","MDG33","AndilamenaMDG33"
"Andilana Nord","MDG33312132","MDG33","Andilana NordMDG33"
"Andilanatoby","MDG33313151","MDG33","AndilanatobyMDG33"
"Andrebakely Nord","MDG33312152","MDG33","Andrebakely NordMDG33"
"Andrebakely Sud","MDG33312033","MDG33","Andrebakely SudMDG33"
"Andromba","MDG33313194","MDG33","AndrombaMDG33"
"Anororo","MDG33312052","MDG33","AnororoMDG33"
"Anosibe An'ala","MDG33317011","MDG33","Anosibe An'alaMDG33"
"Anosibe Ifody","MDG33314091","MDG33","Anosibe IfodyMDG33"
"Antanandava","MDG33314310","MDG33","AntanandavaMDG33"
"Antanandava","MDG33313193","MDG33","AntanandavaMDG33"
"Antandrokomby","MDG33317051","MDG33","AntandrokombyMDG33"
"Antaniditra","MDG33314292","MDG33","AntaniditraMDG33"
"Antanimenabaka","MDG33316031","MDG33","AntanimenabakaMDG33"
"Antsangasanga","MDG33313112","MDG33","AntsangasangaMDG33"
"Beanana","MDG33312112","MDG33","BeananaMDG33"
"Bedidy","MDG33312012","MDG33","BedidyMDG33"
"Beforona","MDG33314190","MDG33","BeforonaMDG33"
"Bejofo","MDG33313152","MDG33","BejofoMDG33"
"Belavabary","MDG33314130","MDG33","BelavabaryMDG33"
"Bemaitso","MDG33316012","MDG33","BemaitsoMDG33"
"Didy","MDG33313170","MDG33","DidyMDG33"
"Feramanga Nord","MDG33313031","MDG33","Feramanga NordMDG33"
"Fierenana","MDG33314270","MDG33","FierenanaMDG33"
"Ilafy","MDG33313090","MDG33","IlafyMDG33"
"Imerimandroso","MDG33313191","MDG33","ImerimandrosoMDG33"
"Lakato","MDG33314230","MDG33","LakatoMDG33"
"Longozabe","MDG33317071","MDG33","LongozabeMDG33"
"Maitsokely","MDG33316072","MDG33","MaitsokelyMDG33"
"Manakambahiny Andrefana","MDG33313111","MDG33","Manakambahiny AndrefanaMDG33"
"Manakambahiny Antsinanana","MDG33313210","MDG33","Manakambahiny AntsinananaMDG33"
"Mandialaza","MDG33314291","MDG33","MandialazaMDG33"
"Mangarivotra","MDG33314330","MDG33","MangarivotraMDG33"
"Maroadabo","MDG33316051","MDG33","MaroadaboMDG33"
"Marovato","MDG33316052","MDG33","MarovatoMDG33"
"Miarinarivo","MDG33316071","MDG33","MiarinarivoMDG33"
"Moramanga","MDG33314010","MDG33","MoramangaMDG33"
"Morarano Chrome","MDG33312071","MDG33","Morarano ChromeMDG33"
"Morarano Gara","MDG33314110","MDG33","Morarano GaraMDG33"
"Niarovana Marosampanana","MDG33317053","MDG33","Niarovana MarosampananaMDG33"
"Ranomainty","MDG33312072","MDG33","RanomaintyMDG33"
"Sabotsy Anjiro","MDG33314150","MDG33","Sabotsy AnjiroMDG33"
"Sahamamy","MDG33312014","MDG33","SahamamyMDG33"
"Soalazaina","MDG33313231","MDG33","SoalazainaMDG33"
"Tanambao Besakay","MDG33313232","MDG33","Tanambao BesakayMDG33"
"Tanambe","MDG33312111","MDG33","TanambeMDG33"
"Tanananifololahy","MDG33316032","MDG33","TanananifololahyMDG33"
"Tratramarina","MDG33317032","MDG33","TratramarinaMDG33"
"Tsaravinany","MDG33317054","MDG33","TsaravinanyMDG33"
"Vodiriana","MDG33314092","MDG33","VodirianaMDG33"
"Vohimena","MDG33312151","MDG33","VohimenaMDG33"
"Vohitsara","MDG33312113","MDG33","VohitsaraMDG33"
"Ambalabe Befanjava","MDG41415092","MDG41","Ambalabe BefanjavaMDG41"
"Ambalakida","MDG41415031","MDG41","AmbalakidaMDG41"
"Ambarimaninga","MDG41407092","MDG41","AmbarimaningaMDG41"
"Ambato Ambarimay","MDG41405019","MDG41","Ambato AmbarimayMDG41"
"Ambohipaky","MDG41403030","MDG41","AmbohipakyMDG41"
"Ambolomoty","MDG41406051","MDG41","AmbolomotyMDG41"
"Ambondromamy","MDG41405112","MDG41","AmbondromamyMDG41"
"Andranoboka","MDG41415072","MDG41","AndranobokaMDG41"
"Andranofasika","MDG41405052","MDG41","AndranofasikaMDG41"
"Andranomamy","MDG41405150","MDG41","AndranomamyMDG41"
"Andranomavo","MDG41403050","MDG41","AndranomavoMDG41"
"Anjiajia","MDG41405090","MDG41","AnjiajiaMDG41"
"Ankaraobato","MDG41406158","MDG41","AnkaraobatoMDG41"
"Ankazomborona","MDG41406090","MDG41","AnkazomboronaMDG41"
"Ankijabe","MDG41405051","MDG41","AnkijabeMDG41"
"Ankirihitra","MDG41405130","MDG41","AnkirihitraMDG41"
"Anosinalainolona","MDG41406033","MDG41","AnosinalainolonaMDG41"
"Antanambao Andranolava","MDG41406032","MDG41","Antanambao AndranolavaMDG41"
"Antanimasaka","MDG41406112","MDG41","AntanimasakaMDG41"
"Antongomena Bevary","MDG41407030","MDG41","Antongomena BevaryMDG41"
"Antseza","MDG41407012","MDG41","AntsezaMDG41"
"Bekipay","MDG41407091","MDG41","BekipayMDG41"
"Bekobay","MDG41415071","MDG41","BekobayMDG41"
"Belobaka","MDG41415011","MDG41","BelobakaMDG41"
"Bemaharivo","MDG41406130","MDG41","BemaharivoMDG41"
"Betsako","MDG41415032","MDG41","BetsakoMDG41"
"Boanamary","MDG41415012","MDG41","BoanamaryMDG41"
"Katsepy","MDG41407070","MDG41","KatsepyMDG41"
"Madirovalo","MDG41405070","MDG41","MadirovaloMDG41"
"Mahabibo","MDG41401002","MDG41","MahabiboMDG41"
"Mahajamba Usine","MDG41415091","MDG41","Mahajamba UsineMDG41"
"Mahajanga","MDG41401001","MDG41","MahajangaMDG41"
"Manaratsandry","MDG41406111","MDG41","ManaratsandryMDG41"
"Manerinerina","MDG41405170","MDG41","ManerinerinaMDG41"
"Mariarano","MDG41415050","MDG41","MariaranoMDG41"
"Marovoay","MDG41406052","MDG41","MarovoayMDG41"
"Marovoay Banlieue","MDG41406031","MDG41","Marovoay BanlieueMDG41"
"Marovoay Ville","MDG41406010","MDG41","Marovoay VilleMDG41"
"Matsakabanja","MDG41407050","MDG41","MatsakabanjaMDG41"
"Mitsinjo","MDG41407011","MDG41","MitsinjoMDG41"
"Sitampiky","MDG41405190","MDG41","SitampikyMDG41"
"Soalala","MDG41403010","MDG41","SoalalaMDG41"
"Tsaramandroso","MDG41405111","MDG41","TsaramandrosoMDG41"
"Tsararano","MDG41406070","MDG41","TsararanoMDG41"
"Ambalakirajy","MDG42410211","MDG42","AmbalakirajyMDG42"
"Ambalaromba","MDG42414213","MDG42","AmbalarombaMDG42"
"Ambaliha","MDG42411070","MDG42","AmbalihaMDG42"
"Ambanjabe","MDG42409031","MDG42","AmbanjabeMDG42"
"Ambararata","MDG42412150","MDG42","AmbararataMDG42"
"Ambararata Sofia","MDG42414172","MDG42","Ambararata SofiaMDG42"
"Ambararatabe Nord","MDG42414152","MDG42","Ambararatabe NordMDG42"
"Ambarijeby Sud","MDG42411012","MDG42","Ambarijeby SudMDG42"
"Ambarikorano","MDG42410171","MDG42","AmbarikoranoMDG42"
"Ambaripaika","MDG42410191","MDG42","AmbaripaikaMDG42"
"Ambatoriha Est","MDG42414090","MDG42","Ambatoriha EstMDG42"
"Ambatosia","MDG42414071","MDG42","AmbatosiaMDG42"
"Ambilombe","MDG42410270","MDG42","AmbilombeMDG42"
"Amboaboa","MDG42410130","MDG42","AmboaboaMDG42"
"Ambodiadabo","MDG42410391","MDG42","AmbodiadaboMDG42"
"Ambodiadabo M","MDG42414211","MDG42","Ambodiadabo MMDG42"
"Ambodiamontana Kianga","MDG42410192","MDG42","Ambodiamontana KiangaMDG42"
"Ambodiampana","MDG42414072","MDG42","AmbodiampanaMDG42"
"Ambodihazoambo","MDG42423112","MDG42","AmbodihazoamboMDG42"
"Ambodimadiro","MDG42413171","MDG42","AmbodimadiroMDG42"
"Ambodimahabibo","MDG42409171","MDG42","AmbodimahabiboMDG42"
"Ambodimanary","MDG42413130","MDG42","AmbodimanaryMDG42"
"Ambodimandresy","MDG42413090","MDG42","AmbodimandresyMDG42"
"Ambodimotso Sud","MDG42412050","MDG42","Ambodimotso SudMDG42"
"Ambodisakoana","MDG42409112","MDG42","AmbodisakoanaMDG42"
"Ambodisikidy","MDG42414171","MDG42","AmbodisikidyMDG42"
"Ambodivongo","MDG42409172","MDG42","AmbodivongoMDG42"
"Ambohisoa","MDG42410330","MDG42","AmbohisoaMDG42"
"Ambohitoaka","MDG42423051","MDG42","AmbohitoakaMDG42"
"Ambolidibe Est","MDG42412170","MDG42","Ambolidibe EstMDG42"
"Ambolobozo","MDG42411030","MDG42","AmbolobozoMDG42"
"Amborondolo","MDG42410392","MDG42","AmborondoloMDG42"
"Ambovonomby","MDG42414110","MDG42","AmbovonombyMDG42"
"Ampandriankilandy","MDG42413051","MDG42","AmpandriankilandyMDG42"
"Amparihy","MDG42409092","MDG42","AmparihyMDG42"
"Ampasimatera","MDG42423111","MDG42","AmpasimateraMDG42"
"Ampatakamaroreny","MDG42410350","MDG42","AmpatakamarorenyMDG42"
"Anahidrano","MDG42413070","MDG42","AnahidranoMDG42"
"Analalava","MDG42411011","MDG42","AnalalavaMDG42"
"Analila","MDG42414131","MDG42","AnalilaMDG42"
"Andohajango","MDG42410290","MDG42","AndohajangoMDG42"
"Andranomeva","MDG42409091","MDG42","AndranomevaMDG42"
"Andratamarina","MDG42410172","MDG42","AndratamarinaMDG42"
"Andreba","MDG42413172","MDG42","AndrebaMDG42"
"Andribavontsona","MDG42411131","MDG42","AndribavontsonaMDG42"
"Angoaka Sud","MDG42411132","MDG42","Angoaka SudMDG42"
"Anjalazala","MDG42413052","MDG42","AnjalazalaMDG42"
"Anjiabe","MDG42410310","MDG42","AnjiabeMDG42"
"Anjiamangirana","MDG42413110","MDG42","AnjiamangiranaMDG42"
"Anjozoromadosy","MDG42414132","MDG42","AnjozoromadosyMDG42"
"Ankaramy","MDG42411170","MDG42","AnkaramyMDG42"
"Ankarongana","MDG42412190","MDG42","AnkaronganaMDG42"
"Ankazotokana","MDG42414212","MDG42","AnkazotokanaMDG42"
"Ankerika","MDG42413030","MDG42","AnkerikaMDG42"
"Ankiabe-Salohy","MDG42410371","MDG42","Ankiabe-SalohyMDG42"
"Ankiakabe-Fonoko","MDG42410232","MDG42","Ankiakabe-FonokoMDG42"
"Ankiririky","MDG42423052","MDG42","AnkiririkyMDG42"
"Antanambaon'amberina","MDG42410410","MDG42","Antanambaon'amberinaMDG42"
"Antanandava","MDG42410030","MDG42","AntanandavaMDG42"
"Antananivo Haut","MDG42414032","MDG42","Antananivo HautMDG42"
"Antonibe","MDG42411190","MDG42","AntonibeMDG42"
"Antsahabe","MDG42413150","MDG42","AntsahabeMDG42"
"Antsakabary","MDG42412210","MDG42","AntsakabaryMDG42"
"Antsakanalabe","MDG42412130","MDG42","AntsakanalabeMDG42"
"Antsamaka","MDG42414050","MDG42","AntsamakaMDG42"
"Antsatramidola","MDG42410231","MDG42","AntsatramidolaMDG42"
"Antsiatsiaka","MDG42410112","MDG42","AntsiatsiakaMDG42"
"Antsirabe Centre","MDG42410111","MDG42","Antsirabe CentreMDG42"
"Antsoha","MDG42410050","MDG42","AntsohaMDG42"
"Antsohihy","MDG42413010","MDG42","AntsohihyMDG42"
"Bealanana","MDG42414010","MDG42","BealananaMDG42"
"Beandrarezona","MDG42414031","MDG42","BeandrarezonaMDG42"
"Befandriana Nord","MDG42412010","MDG42","Befandriana NordMDG42"
"Befotaka Nord","MDG42411050","MDG42","Befotaka NordMDG42"
"Bekoratsaka","MDG42423071","MDG42","BekoratsakaMDG42"
"Betaramahamay","MDG42423073","MDG42","BetaramahamayMDG42"
"Kalandy","MDG42410090","MDG42","KalandyMDG42"
"Komajia","MDG42423090","MDG42","KomajiaMDG42"
"Leanja","MDG42409111","MDG42","LeanjaMDG42"
"Maevaranohely","MDG42409132","MDG42","MaevaranohelyMDG42"
"Mahadrodroka","MDG42411210","MDG42","MahadrodrokaMDG42"
"Malakialina","MDG42423072","MDG42","MalakialinaMDG42"
"Mampikony I","MDG42423010","MDG42","Mampikony IMDG42"
"Mampikony II","MDG42423030","MDG42","Mampikony IIMDG42"
"Manampaneva","MDG42410150","MDG42","ManampanevaMDG42"
"Mandritsara","MDG42410010","MDG42","MandritsaraMDG42"
"Mangindrano","MDG42414151","MDG42","MangindranoMDG42"
"Maroala","MDG42413190","MDG42","MaroalaMDG42"
"Maroamalona","MDG42412090","MDG42","MaroamalonaMDG42"
"Maromandia","MDG42411090","MDG42","MaromandiaMDG42"
"Marotandrano","MDG42410250","MDG42","MarotandranoMDG42"
"Marotolana","MDG42414190","MDG42","MarotolanaMDG42"
"Marovantaza","MDG42411150","MDG42","MarovantazaMDG42"
"Marovato","MDG42409150","MDG42","MarovatoMDG42"
"Marovatolena","MDG42411110","MDG42","MarovatolenaMDG42"
"Matsondakana","MDG42412230","MDG42","MatsondakanaMDG42"
"Morafeno","MDG42412030","MDG42","MorafenoMDG42"
"Pont Sofia","MDG42410372","MDG42","Pont SofiaMDG42"
"Port Berge","MDG42409010","MDG42","Port BergeMDG42"
"Port Berge II","MDG42409190","MDG42","Port Berge IIMDG42"
"Tsarahasina","MDG42409050","MDG42","TsarahasinaMDG42"
"Tsarahonenana","MDG42412110","MDG42","TsarahonenanaMDG42"
"Tsarajomoka","MDG42410212","MDG42","TsarajomokaMDG42"
"Tsaratanana","MDG42410070","MDG42","TsaratananaMDG42"
"Tsaratanana I","MDG42409032","MDG42","Tsaratanana IMDG42"
"Tsiamalao","MDG42412070","MDG42","TsiamalaoMDG42"
"Tsiningia","MDG42409070","MDG42","TsiningiaMDG42"
"Tsinjomitondraka","MDG42409131","MDG42","TsinjomitondrakaMDG42"
"Ambakireny","MDG43408170","MDG43","AmbakirenyMDG43"
"Ambalajia","MDG43404112","MDG43","AmbalajiaMDG43"
"Ambalanjanakomby","MDG43404131","MDG43","AmbalanjanakombyMDG43"
"Ambaliha","MDG43416012","MDG43","AmbalihaMDG43"
"Ampandrana","MDG43408130","MDG43","AmpandranaMDG43"
"Andasibe","MDG43416052","MDG43","AndasibeMDG43"
"Andriamena","MDG43408150","MDG43","AndriamenaMDG43"
"Andriba","MDG43404171","MDG43","AndribaMDG43"
"Antanimbaribe","MDG43416030","MDG43","AntanimbaribeMDG43"
"Antanimbary","MDG43404092","MDG43","AntanimbaryMDG43"
"Antsiafabositra","MDG43404091","MDG43","AntsiafabositraMDG43"
"Behazomaty","MDG43416013","MDG43","BehazomatyMDG43"
"Bekapaika","MDG43408030","MDG43","BekapaikaMDG43"
"Bemokotra","MDG43404050","MDG43","BemokotraMDG43"
"Beratsimanina","MDG43404032","MDG43","BeratsimaninaMDG43"
"Betaimboay","MDG43416051","MDG43","BetaimboayMDG43"
"Betrandraka","MDG43408070","MDG43","BetrandrakaMDG43"
"Brieville","MDG43408190","MDG43","BrievilleMDG43"
"Kandreho","MDG43416011","MDG43","KandrehoMDG43"
"Keliloha","MDG43408090","MDG43","KelilohaMDG43"
"Madiromirafy","MDG43404192","MDG43","MadiromirafyMDG43"
"Maevatanana I","MDG43404010","MDG43","Maevatanana IMDG43"
"Maevatanana II","MDG43404031","MDG43","Maevatanana IIMDG43"
"Mahatsinjo","MDG43404172","MDG43","MahatsinjoMDG43"
"Mahazoma","MDG43404070","MDG43","MahazomaMDG43"
"Manakana","MDG43408230","MDG43","ManakanaMDG43"
"Mangabe","MDG43404191","MDG43","MangabeMDG43"
"Maria","MDG43404150","MDG43","MariaMDG43"
"Marokoro","MDG43404132","MDG43","MarokoroMDG43"
"Morafeno","MDG43404173","MDG43","MorafenoMDG43"
"Sakoamadinika","MDG43408210","MDG43","SakoamadinikaMDG43"
"Sarobaratra","MDG43408110","MDG43","SarobaratraMDG43"
"Tsararano","MDG43404111","MDG43","TsararanoMDG43"
"Tsararova","MDG43408050","MDG43","TsararovaMDG43"
"Tsaratanana","MDG43408010","MDG43","TsaratananaMDG43"
"Ambatomainty","MDG44417011","MDG44","AmbatomaintyMDG44"
"Ambolodia Sud","MDG44402072","MDG44","Ambolodia SudMDG44"
"Ampako","MDG44402012","MDG44","AmpakoMDG44"
"Andabotoka","MDG44421050","MDG44","AndabotokaMDG44"
"Andramy","MDG44422030","MDG44","AndramyMDG44"
"Andranovao","MDG44421194","MDG44","AndranovaoMDG44"
"Andrea","MDG44421090","MDG44","AndreaMDG44"
"Ankasakasa Tsibiray","MDG44402090","MDG44","Ankasakasa TsibirayMDG44"
"Ankisatra","MDG44421110","MDG44","AnkisatraMDG44"
"Antsaidoha Bebao","MDG44421210","MDG44","Antsaidoha BebaoMDG44"
"Antsalova","MDG44420010","MDG44","AntsalovaMDG44"
"Antsondrodava","MDG44421150","MDG44","AntsondrodavaMDG44"
"Bebaboky Sud","MDG44421232","MDG44","Bebaboky SudMDG44"
"Bekodoka","MDG44402071","MDG44","BekodokaMDG44"
"Bekopaka","MDG44420090","MDG44","BekopakaMDG44"
"Belitsaky","MDG44421170","MDG44","BelitsakyMDG44"
"Bemarivo","MDG44417012","MDG44","BemarivoMDG44"
"Bemokotra Sud","MDG44421233","MDG44","Bemokotra SudMDG44"
"Beravina","MDG44422050","MDG44","BeravinaMDG44"
"Berevo/ranobe","MDG44421231","MDG44","Berevo/ranobeMDG44"
"Besalampy","MDG44402011","MDG44","BesalampyMDG44"
"Betanatanana","MDG44421070","MDG44","BetanatananaMDG44"
"Mafaijijo","MDG44421030","MDG44","MafaijijoMDG44"
"Mahabe","MDG44402110","MDG44","MahabeMDG44"
"Maintirano","MDG44421010","MDG44","MaintiranoMDG44"
"Marohazo","MDG44421130","MDG44","MarohazoMDG44"
"Maromavo","MDG44421193","MDG44","MaromavoMDG44"
"Marotsialeha","MDG44417032","MDG44","MarotsialehaMDG44"
"Marovoay Sud","MDG44402030","MDG44","Marovoay SudMDG44"
"Masoarivo","MDG44420050","MDG44","MasoarivoMDG44"
"Morafenobe","MDG44422010","MDG44","MorafenobeMDG44"
"Sarodrano","MDG44417031","MDG44","SarodranoMDG44"
"Soahany","MDG44420030","MDG44","SoahanyMDG44"
"Soanenga","MDG44402050","MDG44","SoanengaMDG44"
"Tambohorano","MDG44421191","MDG44","TambohoranoMDG44"
"Trangahy","MDG44420070","MDG44","TrangahyMDG44"
"Veromanga","MDG44421192","MDG44","VeromangaMDG44"
"Ambahikily","MDG51504050","MDG51","AmbahikilyMDG51"
"Ambalavato","MDG51521032","MDG51","AmbalavatoMDG51"
"Ambatry Mitsinjo","MDG51506013","MDG51","Ambatry MitsinjoMDG51"
"Ambinany","MDG51512150","MDG51","AmbinanyMDG51"
"Ambohimahavelona","MDG51520111","MDG51","AmbohimahavelonaMDG51"
"Ambolofoty","MDG51520150","MDG51","AmbolofotyMDG51"
"Amborompotsy","MDG51507050","MDG51","AmborompotsyMDG51"
"Amboronabo","MDG51512070","MDG51","AmboronaboMDG51"
"Ampanihy Ouest","MDG51507010","MDG51","Ampanihy OuestMDG51"
"Anakao","MDG51520132","MDG51","AnakaoMDG51"
"Analamisampy","MDG51520330","MDG51","AnalamisampyMDG51"
"Andamasiny Vineta","MDG51512111","MDG51","Andamasiny VinetaMDG51"
"Andranohinaly","MDG51520112","MDG51","AndranohinalyMDG51"
"Andranolava","MDG51512130","MDG51","AndranolavaMDG51"
"Andranomafana","MDG51505050","MDG51","AndranomafanaMDG51"
"Andranomangatsiaka","MDG51506191","MDG51","AndranomangatsiakaMDG51"
"Andranovory","MDG51520270","MDG51","AndranovoryMDG51"
"Androka","MDG51507230","MDG51","AndrokaMDG51"
"Ankazoabo Sud","MDG51505011","MDG51","Ankazoabo SudMDG51"
"Ankazomanga Ouest","MDG51506014","MDG51","Ankazomanga OuestMDG51"
"Ankazombalala","MDG51506130","MDG51","AnkazombalalaMDG51"
"Ankiliabo","MDG51507030","MDG51","AnkiliaboMDG51"
"Ankililoaka","MDG51520310","MDG51","AnkililoakaMDG51"
"Ankilimalinike","MDG51520170","MDG51","AnkilimalinikeMDG51"
"Ankilimivory","MDG51507130","MDG51","AnkilimivoryMDG51"
"Ankilivalo","MDG51506192","MDG51","AnkilivaloMDG51"
"Ankilizato","MDG51507070","MDG51","AnkilizatoMDG51"
"Antaly","MDG51507110","MDG51","AntalyMDG51"
"Antanimena Onilahy","MDG51520191","MDG51","Antanimena OnilahyMDG51"
"Antanimieva","MDG51504130","MDG51","AntanimievaMDG51"
"Antohabato","MDG51506070","MDG51","AntohabatoMDG51"
"Antongo Vaovao","MDG51504070","MDG51","Antongo VaovaoMDG51"
"Antsavoa","MDG51506312","MDG51","AntsavoaMDG51"
"Basibasy","MDG51504150","MDG51","BasibasyMDG51"
"Beahitse","MDG51507190","MDG51","BeahitseMDG51"
"Beantake","MDG51506030","MDG51","BeantakeMDG51"
"Befandefa","MDG51504030","MDG51","BefandefaMDG51"
"Befandriana Sud","MDG51504110","MDG51","Befandriana SudMDG51"
"Beheloka","MDG51520358","MDG51","BehelokaMDG51"
"Behisatsy","MDG51503050","MDG51","BehisatsyMDG51"
"Behompy","MDG51520072","MDG51","BehompyMDG51"
"Belafike Haut","MDG51507170","MDG51","Belafike HautMDG51"
"Belalanda","MDG51520030","MDG51","BelalandaMDG51"
"Belamoty","MDG51506311","MDG51","BelamotyMDG51"
"Bemavo","MDG51503012","MDG51","BemavoMDG51"
"Benenitra","MDG51521010","MDG51","BenenitraMDG51"
"Bereketa","MDG51512090","MDG51","BereketaMDG51"
"Berenty","MDG51505071","MDG51","BerentyMDG51"
"Beroroha","MDG51503011","MDG51","BerorohaMDG51"
"Beroy Atsimo","MDG51507270","MDG51","Beroy AtsimoMDG51"
"Besakoa","MDG51501006","MDG51","BesakoaMDG51"
"Besely","MDG51506112","MDG51","BeselyMDG51"
"Betania","MDG51501005","MDG51","BetaniaMDG51"
"Betioky Atsimo","MDG51506011","MDG51","Betioky AtsimoMDG51"
"Betsinjaka","MDG51520050","MDG51","BetsinjakaMDG51"
"Bezaha","MDG51506150","MDG51","BezahaMDG51"
"Cu Morombe","MDG51504010","MDG51","Cu MorombeMDG51"
"Ehara","MDG51521050","MDG51","EharaMDG51"
"Ejeda","MDG51507150","MDG51","EjedaMDG51"
"Fanjakana","MDG51503030","MDG51","FanjakanaMDG51"
"Fenoandala","MDG51506230","MDG51","FenoandalaMDG51"
"Fotadrevo","MDG51507290","MDG51","FotadrevoMDG51"
"Fotivolo","MDG51505012","MDG51","FotivoloMDG51"
"Gogogogo","MDG51507210","MDG51","GogogogoMDG51"
"Ianapera","MDG51521031","MDG51","IanaperaMDG51"
"Ilemby","MDG51505072","MDG51","IlembyMDG51"
"Itampolo","MDG51507310","MDG51","ItampoloMDG51"
"Lazarivo","MDG51506330","MDG51","LazarivoMDG51"
"Mahaboboka","MDG51512050","MDG51","MahabobokaMDG51"
"Mahavatse I","MDG51501003","MDG51","Mahavatse IMDG51"
"Mahavatse II","MDG51501004","MDG51","Mahavatse IIMDG51"
"Manalobe","MDG51506170","MDG51","ManalobeMDG51"
"Mandronarivo","MDG51503091","MDG51","MandronarivoMDG51"
"Maniry","MDG51507090","MDG51","ManiryMDG51"
"Manombo Sud","MDG51520250","MDG51","Manombo SudMDG51"
"Manorofify","MDG51520192","MDG51","ManorofifyMDG51"
"Marerano","MDG51503070","MDG51","MareranoMDG51"
"Maroarivo Ankazomanga","MDG51506015","MDG51","Maroarivo AnkazomangaMDG51"
"Marofoty","MDG51520210","MDG51","MarofotyMDG51"
"Maromiandra","MDG51520090","MDG51","MaromiandraMDG51"
"Marosavoa","MDG51506252","MDG51","MarosavoaMDG51"
"Masiaboay","MDG51506050","MDG51","MasiaboayMDG51"
"Miary Ambohibola","MDG51520071","MDG51","Miary AmbohibolaMDG51"
"Miary Lamatihy","MDG51512030","MDG51","Miary LamatihyMDG51"
"Miary Taheza","MDG51512012","MDG51","Miary TahezaMDG51"
"Mihavatsy","MDG51512112","MDG51","MihavatsyMDG51"
"Mikoboka","MDG51512171","MDG51","MikobokaMDG51"
"Milenaka","MDG51520290","MDG51","MilenakaMDG51"
"Mitsinjo","MDG51512172","MDG51","MitsinjoMDG51"
"Mitsinjo Betanimena","MDG51520010","MDG51","Mitsinjo BetanimenaMDG51"
"Montifeno","MDG51506313","MDG51","MontifenoMDG51"
"Nosy Ambositra","MDG51504090","MDG51","Nosy AmbositraMDG51"
"Saint Augustin","MDG51520131","MDG51","Saint AugustinMDG51"
"Sakamasay","MDG51506012","MDG51","SakamasayMDG51"
"Sakaraha","MDG51512011","MDG51","SakarahaMDG51"
"Sakena","MDG51503093","MDG51","SakenaMDG51"
"Salobe","MDG51506270","MDG51","SalobeMDG51"
"Soalara Sud","MDG51520133","MDG51","Soalara SudMDG51"
"Soamanonga","MDG51506210","MDG51","SoamanongaMDG51"
"Soaserana","MDG51506251","MDG51","SoaseranaMDG51"
"Tameantsoa","MDG51506090","MDG51","TameantsoaMDG51"
"Tanamary","MDG51503092","MDG51","TanamaryMDG51"
"Tanambao Haut","MDG51506290","MDG51","Tanambao HautMDG51"
"Tanambao I","MDG51501001","MDG51","Tanambao IMDG51"
"Tanambao II Tsf Nord","MDG51501002","MDG51","Tanambao II Tsf NordMDG51"
"Tandrano","MDG51505030","MDG51","TandranoMDG51"
"Tongobory","MDG51506111","MDG51","TongoboryMDG51"
"Tsianisiha","MDG51520230","MDG51","TsianisihaMDG51"
"Vatolatsaka","MDG51506113","MDG51","VatolatsakaMDG51"
"Vohitany","MDG51507250","MDG51","VohitanyMDG51"
"Ambahita","MDG52518151","MDG52","AmbahitaMDG52"
"Ambanisarika","MDG52516031","MDG52","AmbanisarikaMDG52"
"Ambatosola","MDG52518091","MDG52","AmbatosolaMDG52"
"Ambazoa","MDG52516092","MDG52","AmbazoaMDG52"
"Ambohimalaza","MDG52516033","MDG52","AmbohimalazaMDG52"
"Ambonaivo","MDG52516050","MDG52","AmbonaivoMDG52"
"Ambondro","MDG52516091","MDG52","AmbondroMDG52"
"Ambovombe","MDG52516011","MDG52","AmbovombeMDG52"
"Ampamata","MDG52516152","MDG52","AmpamataMDG52"
"Analamary","MDG52516032","MDG52","AnalamaryMDG52"
"Andalatanosy","MDG52516151","MDG52","AndalatanosyMDG52"
"Anivorano Mitsinjo","MDG52518290","MDG52","Anivorano MitsinjoMDG52"
"Anja Nord","MDG52518050","MDG52","Anja NordMDG52"
"Anjampaly","MDG52514032","MDG52","AnjampalyMDG52"
"Anjeky Ankilikira","MDG52516014","MDG52","Anjeky AnkilikiraMDG52"
"Ankaranabo Nord","MDG52518031","MDG52","Ankaranabo NordMDG52"
"Antanimora Atsimo","MDG52516130","MDG52","Antanimora AtsimoMDG52"
"Antaritarika","MDG52514071","MDG52","AntaritarikaMDG52"
"Antsakoamaro","MDG52518070","MDG52","AntsakoamaroMDG52"
"Behabobo","MDG52513092","MDG52","BehaboboMDG52"
"Bekitro","MDG52518230","MDG52","BekitroMDG52"
"Belindo Mahasoa","MDG52518170","MDG52","Belindo MahasoaMDG52"
"Beloha","MDG52513010","MDG52","BelohaMDG52"
"Beraketa","MDG52518251","MDG52","BeraketaMDG52"
"Besakoa","MDG52518032","MDG52","BesakoaMDG52"
"Betanty (Faux Cap)","MDG52514031","MDG52","Betanty (Faux Cap)MDG52"
"Beteza","MDG52518190","MDG52","BetezaMDG52"
"Bevitiky","MDG52518270","MDG52","BevitikyMDG52"
"Erada","MDG52516013","MDG52","EradaMDG52"
"Imanombo","MDG52516190","MDG52","ImanomboMDG52"
"Imongy","MDG52514072","MDG52","ImongyMDG52"
"Jafaro","MDG52516170","MDG52","JafaroMDG52"
"Kopoky","MDG52513050","MDG52","KopokyMDG52"
"Manakompy","MDG52518130","MDG52","ManakompyMDG52"
"Maroalomainty","MDG52516071","MDG52","MaroalomaintyMDG52"
"Maroalopoty","MDG52516072","MDG52","MaroalopotyMDG52"
"Marolinta","MDG52513070","MDG52","MarolintaMDG52"
"Marovato","MDG52514050","MDG52","MarovatoMDG52"
"Marovato Befeno","MDG52516112","MDG52","Marovato BefenoMDG52"
"Maroviro","MDG52518152","MDG52","MaroviroMDG52"
"Morafeno Bekily","MDG52518010","MDG52","Morafeno BekilyMDG52"
"Nikoly","MDG52514012","MDG52","NikolyMDG52"
"Sihanamaro","MDG52516111","MDG52","SihanamaroMDG52"
"Tanandava","MDG52518210","MDG52","TanandavaMDG52"
"Tranoroa","MDG52513091","MDG52","TranoroaMDG52"
"Tranovaho","MDG52513030","MDG52","TranovahoMDG52"
"Tsihombe","MDG52514011","MDG52","TsihombeMDG52"
"Tsikolaky","MDG52518110","MDG52","TsikolakyMDG52"
"Tsimananada","MDG52516012","MDG52","TsimananadaMDG52"
"Tsirandrany","MDG52518092","MDG52","TsirandranyMDG52"
"Vohimanga","MDG52518252","MDG52","VohimangaMDG52"
"Ambalasoa","MDG53517070","MDG53","AmbalasoaMDG53"
"Ambatoabo","MDG53515112","MDG53","AmbatoaboMDG53"
"Ambatomivary","MDG53517350","MDG53","AmbatomivaryMDG53"
"Amboasary Atsimo","MDG53519010","MDG53","Amboasary AtsimoMDG53"
"Ampasimena","MDG53515230","MDG53","AmpasimenaMDG53"
"Ampasy Nahampoana","MDG53515031","MDG53","Ampasy NahampoanaMDG53"
"Analamary","MDG53515252","MDG53","AnalamaryMDG53"
"Analamary","MDG53517110","MDG53","AnalamaryMDG53"
"Analapatsy","MDG53515114","MDG53","AnalapatsyMDG53"
"Andranobory","MDG53515115","MDG53","AndranoboryMDG53"
"Andriandampy","MDG53517331","MDG53","AndriandampyMDG53"
"Ankaramena","MDG53515090","MDG53","AnkaramenaMDG53"
"Ankariera","MDG53515113","MDG53","AnkarieraMDG53"
"Beampombo I","MDG53517190","MDG53","Beampombo IMDG53"
"Beampombo II","MDG53517292","MDG53","Beampombo IIMDG53"
"Behara","MDG53519030","MDG53","BeharaMDG53"
"Bekorobo","MDG53517250","MDG53","BekoroboMDG53"
"Benato Toby","MDG53517150","MDG53","Benato TobyMDG53"
"Betroka","MDG53517010","MDG53","BetrokaMDG53"
"Bevoay","MDG53515210","MDG53","BevoayMDG53"
"Ebelo","MDG53519291","MDG53","EbeloMDG53"
"Elonty","MDG53519150","MDG53","ElontyMDG53"
"Emagnobo","MDG53515192","MDG53","EmagnoboMDG53"
"Enakara-Haut","MDG53515170","MDG53","Enakara-HautMDG53"
"Enaniliha","MDG53515151","MDG53","EnanilihaMDG53"
"Esira","MDG53519170","MDG53","EsiraMDG53"
"Fenoevo-Efita","MDG53515152","MDG53","Fenoevo-EfitaMDG53"
"Fort-Dauphin","MDG53515010","MDG53","Fort-DauphinMDG53"
"Iaboakoho","MDG53515132","MDG53","IaboakohoMDG53"
"Iaborotra","MDG53517270","MDG53","IaborotraMDG53"
"Ianabinda","MDG53517130","MDG53","IanabindaMDG53"
"Ianakafy","MDG53517310","MDG53","IanakafyMDG53"
"Ifarantsa","MDG53515051","MDG53","IfarantsaMDG53"
"Ifotaka","MDG53519090","MDG53","IfotakaMDG53"
"Isaka-Ivondro","MDG53515052","MDG53","Isaka-IvondroMDG53"
"Isoanala","MDG53517291","MDG53","IsoanalaMDG53"
"Ivahona","MDG53517090","MDG53","IvahonaMDG53"
"Jangany","MDG53517210","MDG53","JanganyMDG53"
"Mahabo","MDG53517170","MDG53","MahaboMDG53"
"Mahaly","MDG53519190","MDG53","MahalyMDG53"
"Mahasoa Est","MDG53517230","MDG53","Mahasoa EstMDG53"
"Mahatalaky","MDG53515131","MDG53","MahatalakyMDG53"
"Manambaro","MDG53515071","MDG53","ManambaroMDG53"
"Manantenina","MDG53515251","MDG53","MananteninaMDG53"
"Mandiso","MDG53515053","MDG53","MandisoMDG53"
"Mandromondromotra","MDG53515032","MDG53","MandromondromotraMDG53"
"Manevy","MDG53519210","MDG53","ManevyMDG53"
"Maromby","MDG53519130","MDG53","MarombyMDG53"
"Marotsiraka","MDG53519250","MDG53","MarotsirakaMDG53"
"Name Unknown","MDG53517999","MDG53","Name UnknownMDG53"
"Nanarena Besakoa","MDG53517293","MDG53","Nanarena BesakoaMDG53"
"Naninora","MDG53517050","MDG53","NaninoraMDG53"
"Ranobe","MDG53519292","MDG53","RanobeMDG53"
"Ranomafana","MDG53515191","MDG53","RanomafanaMDG53"
"Ranopiso","MDG53515111","MDG53","RanopisoMDG53"
"Sakamahily","MDG53517332","MDG53","SakamahilyMDG53"
"Sampona","MDG53519070","MDG53","SamponaMDG53"
"Sarisambo","MDG53515072","MDG53","SarisamboMDG53"
"Soanierana","MDG53515033","MDG53","SoanieranaMDG53"
"Soavary","MDG53515253","MDG53","SoavaryMDG53"
"Tanandava Sud","MDG53519050","MDG53","Tanandava SudMDG53"
"Tomboarivo","MDG53519270","MDG53","TomboarivoMDG53"
"Tranomaro","MDG53519110","MDG53","TranomaroMDG53"
"Tsivory","MDG53519230","MDG53","TsivoryMDG53"
"Aboalimena","MDG54510090","MDG54","AboalimenaMDG54"
"Ambatolahy","MDG54511091","MDG54","AmbatolahyMDG54"
"Ambia","MDG54509092","MDG54","AmbiaMDG54"
"Ambiky","MDG54510112","MDG54","AmbikyMDG54"
"Ampanihy","MDG54509070","MDG54","AmpanihyMDG54"
"Ampanihy","MDG54511032","MDG54","AmpanihyMDG54"
"Analaiva","MDG54508079","MDG54","AnalaivaMDG54"
"Analamitsivalana","MDG54509051","MDG54","AnalamitsivalanaMDG54"
"Andimaky Manambolo","MDG54510012","MDG54","Andimaky ManamboloMDG54"
"Andranopasy","MDG54502110","MDG54","AndranopasyMDG54"
"Ankalalobe","MDG54510111","MDG54","AnkalalobeMDG54"
"Ankavandra","MDG54511130","MDG54","AnkavandraMDG54"
"Ankiliabo","MDG54502090","MDG54","AnkiliaboMDG54"
"Ankilivalo","MDG54509030","MDG54","AnkilivaloMDG54"
"Ankilizato","MDG54509091","MDG54","AnkilizatoMDG54"
"Ankiroroky","MDG54510152","MDG54","AnkirorokyMDG54"
"Ankondromena","MDG54511210","MDG54","AnkondromenaMDG54"
"Ankotrofotsy","MDG54511071","MDG54","AnkotrofotsyMDG54"
"Anontsibe Centre","MDG54502050","MDG54","Anontsibe CentreMDG54"
"Anosimena","MDG54511033","MDG54","AnosimenaMDG54"
"Antsoha","MDG54510132","MDG54","AntsohaMDG54"
"Befasy","MDG54508159","MDG54","BefasyMDG54"
"Befotaka","MDG54509052","MDG54","BefotakaMDG54"
"Beharona","MDG54502030","MDG54","BeharonaMDG54"
"Belinta","MDG54510151","MDG54","BelintaMDG54"
"Belo Sur Mer","MDG54508179","MDG54","Belo Sur MerMDG54"
"Belo Sur Tsiribihina","MDG54510011","MDG54","Belo Sur TsiribihinaMDG54"
"Bemahatazana","MDG54511031","MDG54","BemahatazanaMDG54"
"Bemanonga","MDG54508059","MDG54","BemanongaMDG54"
"Bemarivo Ankirondro","MDG54510013","MDG54","Bemarivo AnkirondroMDG54"
"Berevo","MDG54510131","MDG54","BerevoMDG54"
"Beroboka Nord","MDG54510032","MDG54","Beroboka NordMDG54"
"Beronono","MDG54509150","MDG54","BerononoMDG54"
"Betsipolitra","MDG54511170","MDG54","BetsipolitraMDG54"
"Dabolava","MDG54511012","MDG54","DabolavaMDG54"
"Isalo","MDG54511072","MDG54","IsaloMDG54"
"Itondy","MDG54511110","MDG54","ItondyMDG54"
"Mahabo","MDG54509010","MDG54","MahaboMDG54"
"Malaimbandy","MDG54509130","MDG54","MalaimbandyMDG54"
"Manambina","MDG54511092","MDG54","ManambinaMDG54"
"Manandaza","MDG54511050","MDG54","ManandazaMDG54"
"Mandabe","MDG54509110","MDG54","MandabeMDG54"
"Manja","MDG54502010","MDG54","ManjaMDG54"
"Masoarivo","MDG54510070","MDG54","MasoarivoMDG54"
"Mazavasoa","MDG54509170","MDG54","MazavasoaMDG54"
"Miandrivazo","MDG54511011","MDG54","MiandrivazoMDG54"
"Morondava","MDG54508010","MDG54","MorondavaMDG54"
"Soaloka","MDG54511150","MDG54","SoalokaMDG54"
"Soaserana","MDG54502070","MDG54","SoaseranaMDG54"
"Tsaraotana","MDG54510050","MDG54","TsaraotanaMDG54"
"Tsimafana","MDG54510031","MDG54","TsimafanaMDG54"
"Ambakirano","MDG71717090","MDG71","AmbakiranoMDG71"
"Ambalahonko","MDG71719130","MDG71","AmbalahonkoMDG71"
"Ambaliha","MDG71719250","MDG71","AmbalihaMDG71"
"Ambanja","MDG71719010","MDG71","AmbanjaMDG71"
"Ambarakaraka","MDG71717231","MDG71","AmbarakarakaMDG71"
"Ambatoben'anjavy","MDG71717110","MDG71","Ambatoben'anjavyMDG71"
"Ambatozavavy","MDG71718003","MDG71","AmbatozavavyMDG71"
"Ambilobe","MDG71717010","MDG71","AmbilobeMDG71"
"Ambodibonara","MDG71717172","MDG71","AmbodibonaraMDG71"
"Ambodimanga Ramena","MDG71719172","MDG71","Ambodimanga RamenaMDG71"
"Ambohimarina","MDG71719233","MDG71","AmbohimarinaMDG71"
"Ambohimena","MDG71719050","MDG71","AmbohimenaMDG71"
"Ambohitrandriana","MDG71719232","MDG71","AmbohitrandrianaMDG71"
"Ambondrona","MDG71713252","MDG71","AmbondronaMDG71"
"Ampangorina","MDG71718002","MDG71","AmpangorinaMDG71"
"Ampondralava","MDG71717050","MDG71","AmpondralavaMDG71"
"Anaborano Ifasy","MDG71717232","MDG71","Anaborano IfasyMDG71"
"Andrafiabe","MDG71713110","MDG71","AndrafiabeMDG71"
"Andranofanjava","MDG71713191","MDG71","AndranofanjavaMDG71"
"Andranovondronina","MDG71713170","MDG71","AndranovondroninaMDG71"
"Anivorano Nord","MDG71713231","MDG71","Anivorano NordMDG71"
"Anjiabe Ambony","MDG71717171","MDG71","Anjiabe AmbonyMDG71"
"Ankarongana","MDG71713210","MDG71","AnkaronganaMDG71"
"Ankatafa","MDG71719350","MDG71","AnkatafaMDG71"
"Anketrakabe","MDG71713130","MDG71","AnketrakabeMDG71"
"Ankingameloka","MDG71719150","MDG71","AnkingamelokaMDG71"
"Anorontsangana","MDG71719310","MDG71","AnorontsanganaMDG71"
"Antafiambotry","MDG71719190","MDG71","AntafiambotryMDG71"
"Antanamitarana","MDG71713032","MDG71","AntanamitaranaMDG71"
"Antranokarany","MDG71719091","MDG71","AntranokaranyMDG71"
"Antsahampano","MDG71713050","MDG71","AntsahampanoMDG71"
"Antsakoamanondro","MDG71719110","MDG71","AntsakoamanondroMDG71"
"Antsalaka","MDG71713152","MDG71","AntsalakaMDG71"
"Antsaravibe","MDG71717130","MDG71","AntsaravibeMDG71"
"Antsatsaka","MDG71719070","MDG71","AntsatsakaMDG71"
"Antsirabe","MDG71719330","MDG71","AntsirabeMDG71"
"Antsoha","MDG71713232","MDG71","AntsohaMDG71"
"Antsohimbondrona","MDG71717150","MDG71","AntsohimbondronaMDG71"
"Bemaneviky Haut Sambirano","MDG71719171","MDG71","Bemaneviky Haut SambiranoMDG71"
"Bemaneviky Ouest","MDG71719290","MDG71","Bemaneviky OuestMDG71"
"Bemanondrobe","MDG71718004","MDG71","BemanondrobeMDG71"
"Benavony","MDG71719030","MDG71","BenavonyMDG71"
"Beramanja","MDG71717190","MDG71","BeramanjaMDG71"
"Betsiaka","MDG71717210","MDG71","BetsiakaMDG71"
"Bobakilandy","MDG71713253","MDG71","BobakilandyMDG71"
"Bobasakoa","MDG71713251","MDG71","BobasakoaMDG71"
"Diego Suarez","MDG71715009","MDG71","Diego SuarezMDG71"
"Djangoa","MDG71719092","MDG71","DjangoaMDG71"
"Dzamandzar","MDG71718005","MDG71","DzamandzarMDG71"
"Hell-Ville","MDG71718001","MDG71","Hell-VilleMDG71"
"Joffre Ville","MDG71713033","MDG71","Joffre VilleMDG71"
"Maevatanana","MDG71719173","MDG71","MaevatananaMDG71"
"Mahalina","MDG71713192","MDG71","MahalinaMDG71"
"Mahavanona","MDG71713070","MDG71","MahavanonaMDG71"
"Maherivaratra","MDG71719210","MDG71","MaherivaratraMDG71"
"Manambato","MDG71717233","MDG71","ManambatoMDG71"
"Mangaoka","MDG71713090","MDG71","MangaokaMDG71"
"Mantaly","MDG71717030","MDG71","MantalyMDG71"
"Marotolana","MDG71719270","MDG71","MarotolanaMDG71"
"Marovato","MDG71719231","MDG71","MarovatoMDG71"
"Mosorolava","MDG71713254","MDG71","MosorolavaMDG71"
"Ramena","MDG71713010","MDG71","RamenaMDG71"
"Sadjoavato","MDG71713151","MDG71","SadjoavatoMDG71"
"Sakaramy","MDG71713031","MDG71","SakaramyMDG71"
"Tanambao Marivorahona","MDG71717070","MDG71","Tanambao MarivorahonaMDG71"
"Ambalabe","MDG72710170","MDG72","AmbalabeMDG72"
"Ambalamanasy II","MDG72712210","MDG72","Ambalamanasy IIMDG72"
"Ambalasatrana","MDG72716130","MDG72","AmbalasatranaMDG72"
"Ambatoafo","MDG72711450","MDG72","AmbatoafoMDG72"
"Ambinanifaho","MDG72710190","MDG72","AmbinanifahoMDG72"
"Ambinanin'andravory","MDG72716250","MDG72","Ambinanin'andravoryMDG72"
"Amboangibe","MDG72711371","MDG72","AmboangibeMDG72"
"Ambodiampana","MDG72711410","MDG72","AmbodiampanaMDG72"
"Ambodiangezoka","MDG72712230","MDG72","AmbodiangezokaMDG72"
"Ambodimanga I","MDG72712090","MDG72","Ambodimanga IMDG72"
"Ambodisambalahy","MDG72716232","MDG72","AmbodisambalahyMDG72"
"Ambodivoara","MDG72711130","MDG72","AmbodivoaraMDG72"
"Ambohimalaza","MDG72711059","MDG72","AmbohimalazaMDG72"
"Ambohimitsinjo","MDG72711210","MDG72","AmbohimitsinjoMDG72"
"Ambohitralanana","MDG72710210","MDG72","AmbohitralananaMDG72"
"Amboriala","MDG72716270","MDG72","AmborialaMDG72"
"Ampahana","MDG72710030","MDG72","AmpahanaMDG72"
"Ampanavoana","MDG72710272","MDG72","AmpanavoanaMDG72"
"Ampanefena","MDG72716231","MDG72","AmpanefenaMDG72"
"Ampisikinana","MDG72716330","MDG72","AmpisikinanaMDG72"
"Ampohibe","MDG72710050","MDG72","AmpohibeMDG72"
"Ampondra","MDG72716030","MDG72","AmpondraMDG72"
"Analamaho","MDG72711190","MDG72","AnalamahoMDG72"
"Andampy","MDG72710152","MDG72","AndampyMDG72"
"Andapa","MDG72712010","MDG72","AndapaMDG72"
"Andrafainkona","MDG72716210","MDG72","AndrafainkonaMDG72"
"Andrahanjo","MDG72711330","MDG72","AndrahanjoMDG72"
"Andrakata","MDG72712130","MDG72","AndrakataMDG72"
"Andranomena","MDG72712190","MDG72","AndranomenaMDG72"
"Andratamarina","MDG72711250","MDG72","AndratamarinaMDG72"
"Andravory","MDG72716190","MDG72","AndravoryMDG72"
"Andrembona","MDG72711372","MDG72","AndrembonaMDG72"
"Anjangoveratra","MDG72711230","MDG72","AnjangoveratraMDG72"
"Anjialava","MDG72711470","MDG72","AnjialavaMDG72"
"Anjialavabe","MDG72712330","MDG72","AnjialavabeMDG72"
"Anjinjaomby","MDG72711150","MDG72","AnjinjaombyMDG72"
"Ankiakabe Nord","MDG72712050","MDG72","Ankiakabe NordMDG72"
"Anoviara","MDG72712290","MDG72","AnoviaraMDG72"
"Antalaha Ambonivohitra","MDG72710010","MDG72","Antalaha AmbonivohitraMDG72"
"Antananambo","MDG72710110","MDG72","AntananamboMDG72"
"Antindra","MDG72711390","MDG72","AntindraMDG72"
"Antombana","MDG72710070","MDG72","AntombanaMDG72"
"Antsahamena","MDG72712350","MDG72","AntsahamenaMDG72"
"Antsahanoro","MDG72710090","MDG72","AntsahanoroMDG72"
"Antsahavaribe","MDG72711510","MDG72","AntsahavaribeMDG72"
"Antsambaharo","MDG72711310","MDG72","AntsambaharoMDG72"
"Antsambalahy","MDG72710250","MDG72","AntsambalahyMDG72"
"Antsirabe Nord","MDG72716310","MDG72","Antsirabe NordMDG72"
"Bealampona","MDG72712150","MDG72","BealamponaMDG72"
"Belambo","MDG72716350","MDG72","BelamboMDG72"
"Belaoka Lokoho","MDG72712270","MDG72","Belaoka LokohoMDG72"
"Belaoka Marovato","MDG72712070","MDG72","Belaoka MarovatoMDG72"
"Bemanevika","MDG72711350","MDG72","BemanevikaMDG72"
"Betsakotsako Andranotsara","MDG72712250","MDG72","Betsakotsako AndranotsaraMDG72"
"Bevonotra","MDG72711530","MDG72","BevonotraMDG72"
"Bobakindro","MDG72716090","MDG72","BobakindroMDG72"
"Daraina","MDG72716110","MDG72","DarainaMDG72"
"Doany","MDG72712310","MDG72","DoanyMDG72"
"Fanambana","MDG72716050","MDG72","FanambanaMDG72"
"Farahalana","MDG72711079","MDG72","FarahalanaMDG72"
"Lanjarivo","MDG72710230","MDG72","LanjarivoMDG72"
"Maroambihy","MDG72711430","MDG72","MaroambihyMDG72"
"Marofinaritra","MDG72710130","MDG72","MarofinaritraMDG72"
"Marogaona","MDG72711270","MDG72","MarogaonaMDG72"
"Marojala","MDG72711290","MDG72","MarojalaMDG72"
"Maromokotra Loky","MDG72716290","MDG72","Maromokotra LokyMDG72"
"Marovato","MDG72712110","MDG72","MarovatoMDG72"
"Matsohely","MDG72712170","MDG72","MatsohelyMDG72"
"Milanoa","MDG72716070","MDG72","MilanoaMDG72"
"Morafeno","MDG72711170","MDG72","MorafenoMDG72"
"Nosiarina","MDG72711090","MDG72","NosiarinaMDG72"
"Nosibe","MDG72716170","MDG72","NosibeMDG72"
"Sambava Cu","MDG72711010","MDG72","Sambava CuMDG72"
"Sarahandrano","MDG72710151","MDG72","SarahandranoMDG72"
"Tanambao Daoud","MDG72711490","MDG72","Tanambao DaoudMDG72"
"Tanandava","MDG72712030","MDG72","TanandavaMDG72"
"Tsarabaria","MDG72716150","MDG72","TsarabariaMDG72"
"Vinanivao","MDG72710271","MDG72","VinanivaoMDG72"
"Vohemar","MDG72716010","MDG72","VohemarMDG72"
