"title","subtitle","documents_strategiques_description","tei_description"
"Stratégie de coopération de l'Union européenne à Madagascar","Cadre de la stratégie de coopération et approche « Team Europe » Europe à Madagascar","<h2>La stratégie globale de l’UE « Global Gateway »</h2>
« Global Gateway » est la nouvelle stratégie européenne visant à développer des liens intelligents, propres et sûrs dans les domaines du numérique, de l’énergie et des transports, et à renforcer les systèmes de santé, d’éducation et de recherche dans le monde entier.<br />
<br />
La stratégie « Global Gateway » est pleinement conforme au programme des Nations unies à l’horizon 2030 et à ses <a href=""https://international-partnerships.ec.europa.eu/policies/sustainable-development-goals_en"">objectifs de développement durable</a>, ainsi qu’à <a href=""https://www.consilium.europa.eu/fr/policies/climate-change/paris-agreement/"">l’accord de Paris sur le changement climatique</a>.<br />
<br />
La Commission européenne défend le multilatéralisme et un ordre mondial fondé sur des règles, en permettant à l’UE de jouer un rôle plus actif et de s’exprimer d'une voix plus forte sur la <a href=""https://ec.europa.eu/info/strategy/priorities-2019-2024/stronger-europe-world_en"">scène internationale</a>.<br />
<br />
Dans le cadre d’une approche «Équipe Europe», «Global Gateway» réunit l’Union européenne, ses États membres et leurs institutions financières et de développement afin de mobiliser le secteur privé pour stimuler des investissements permettant de produire des effets générateurs de changements.<br />
<br />
« Global Gateway » vise à mobiliser jusqu’à 300 milliards d’EUR d’investissements.<br />
<br />
Par ailleurs, la stratégie Global Gateway s’inscrit dans le partenariat long-terme de l'UE avec l'Afrique, qui est une priorité essentielle pour la Commission européenne. En tant que voisin le plus proche de l'Europe, l'Afrique partage non seulement une histoire riche avec les pays de l'UE, mais aussi des valeurs et des intérêts communs. Dans le cadre du partenariat Afrique-UE, nous engageons des dialogues politiques et définissons notre relation de coopération.<br />
<br />
Pour en savoir plus : <a href=""https://international-partnerships.ec.europa.eu/policies/global-gateway_fr"">https://international-partnerships.ec.europa.eu/policies/global-gateway_fr</a><br />","<html><h2>L’approche « Team Europe » à Madagascar</h2>
L’approche « <a href=""https://international-partnerships.ec.europa.eu/policies/team-europe-initiatives_fr#overview-of-team-europe-initiatives"">Équipe Europe</a> » consiste à unir nos forces afin que notre action extérieure conjointe devienne plus que la somme de ses composantes. En travaillant ensemble et en mettant en commun nos ressources et notre expertise, nous atteignons une plus grande efficacité et un plus grand impact.<br />
Parmi les quinze acteurs européens répertoriés comme appuyant directement ou indirectement le développement de Madagascar (Union européenne, Allemagne, Autriche, Espagne, Finlande, France, Hongrie, Irlande, Italie, Luxembourg, Pologne, Roumanie, Slovénie, Suède et Banque Européenne d’Investissement), les <b>quatre partenaires</b> de la Team Europe jouant le rôle le plus déterminant sont l’UE, l’Allemagne, la France ainsi que la Banque Européenne d’Investissement.<br/>
<br />
La <b>France</b> possède un poids politique et économique important, complété par une importante aide technique au développement (mise en œuvre par <a href=""https://www.afd.fr/fr/page-region-pays/madagascar"">l’Agence Française de Développement</a>) et une action sociale et culturelle d’envergure (mise en œuvre par le <a href=""https://mg.ambafrance.org/-Cooperation-414-"">Service de coopération et d'action culturelle</a> de son Ambassade). Ses interventions dans des domaines clés comme les villes durables, l’agriculture et l’environnement, l’éducation-formation, l’emploi et la gouvernance apportent une forte valeur ajoutée à l’action européenne. Les entreprises françaises contribuent également fortement à la croissance économique et à la création d’emploi formel à Madagascar.<br />
<br />
<b>L’Allemagne</b> possède quant à elle une longue et forte présence en matière de coopération avec son agence d’exécution des projets la GIZ ainsi que sa banque de développement la KfW. Les actions se concentrent dans les domaines essentiels tels que le développement rural, les infrastructures durables et les énergies renouvelables, gouvernance et Démocratie et économie - emploi.<br />
<br />
La Banque Européenne d’Investissement intervient à Madagascar depuis 1970. Les activités de la <a href=""https://www.eib.org/fr/projects/regions/acp/madagascar/index.htm"">BEI</a> se concentrent sur le financement de projets d’infrastructures clés qui ont des retombées positives et renforcent la prospérité. Parmi quelques exemples, on peut citer la reconstruction de routes urbaines et de barrages après les intempéries de 2015, de routes stratégiques dans le nord et le sud du pays, ainsi que l’achèvement du périphérique d’Antananarivo. La BEI s’est aussi engagée à améliorer les conditions sanitaires : le projet d’approvisionnement en eau potable d’Antananarivo fournira de l’eau propre et salubre aux foyers malgaches. En outre, par l’intermédiaire d’institutions financières locales partenaires de la BEI, des milliers de microentreprises et de petites entreprises ont pu accéder à des prêts à des conditions avantageuses pour lancer ou développer leur activité.<br />
<br />
La Team Europe dans son ensemble intègre donc différentes dimensions politique, diplomatique, sociale, économique et humanitaire éprouvées. À Madagascar, où elle est présente depuis 65 ans, elle bénéficie d’un important crédit dû à ses réalisations sur l’ensemble du territoire et dans des domaines variés, répondant aux besoins des populations défavorisées.<br />
<br />
La Team Europe couvre les secteurs clés de la gouvernance et des réformes institutionnelles essentielles, de l’accès aux services sociaux de base pour les plus pauvres, de la promotion d’un développement économique inclusif, favorable à l’emploi des plus jeunes notamment, de la protection de l’environnement et de la biodiversité, de la réduction des effets du changement climatique, et du développement rural et semi-urbain. Ces différents secteurs représentent les lignes de force de l’action européenne à Madagascar depuis plusieurs décennies.<br />
<br />
<br /></html>"
